marker , chromosome , position , A , B , C , AxA0001 , AxA0002 , AxA0003 , AxA0004 , AxA0005 , AxA0006 , AxA0007 , AxA0008 , AxA0009 , AxA0010 , AxA0011 , AxA0012 , AxA0013 , AxA0014 , AxA0015 , AxA0016 , AxA0017 , AxA0018 , AxA0019 , AxA0020 , AxA0021 , AxA0022 , AxA0023 , AxA0024 , AxA0025 , AxA0026 , AxA0027 , AxA0028 , AxA0029 , AxA0030 , AxB0001 , AxB0002 , AxB0003 , AxB0004 , AxB0005 , AxB0006 , AxB0007 , AxB0008 , AxB0009 , AxB0010 , AxB0011 , AxB0012 , AxB0013 , AxB0014 , AxB0015 , AxB0016 , AxB0017 , AxB0018 , AxB0019 , AxB0020 , AxB0021 , AxB0022 , AxB0023 , AxB0024 , AxB0025 , AxB0026 , AxB0027 , AxB0028 , AxB0029 , AxB0030 , AxC0001 , AxC0002 , AxC0003 , AxC0004 , AxC0005 , AxC0006 , AxC0007 , AxC0008 , AxC0009 , AxC0010 , AxC0011 , AxC0012 , AxC0013 , AxC0014 , AxC0015 , AxC0016 , AxC0017 , AxC0018 , AxC0019 , AxC0020 , AxC0021 , AxC0022 , AxC0023 , AxC0024 , AxC0025 , AxC0026 , AxC0027 , AxC0028 , AxC0029 , AxC0030 , BxC0001 , BxC0002 , BxC0003 , BxC0004 , BxC0005 , BxC0006 , BxC0007 , BxC0008 , BxC0009 , BxC0010 , BxC0011 , BxC0012 , BxC0013 , BxC0014 , BxC0015 , BxC0016 , BxC0017 , BxC0018 , BxC0019 , BxC0020 , BxC0021 , BxC0022 , BxC0023 , BxC0024 , BxC0025 , BxC0026 , BxC0027 , BxC0028 , BxC0029 , BxC0030
A_0001 , A , 0 , 1 , NA , 2 , 1 , 1 , 1 , 1 , NA , 0 , 1 , 2 , NA , 2 , 1 , 2 , 1 , 1 , 1 , 2 , 2 , 1 , 1 , 0 , 0 , 2 , 1 , 1 , 1 , 0 , 1 , 1 , 2 , 2 , 3 , 2 , 2 , 1 , 1 , NA , 1 , 3 , 2 , 2 , 2 , 1 , 2 , 1 , 1 , 2 , 1 , 2 , 1 , 2 , 1 , 0 , 2 , 2 , 3 , 0 , 0 , 2 , 1 , 2 , 2 , 1 , 1 , 2 , 2 , 2 , 2 , 2 , 0 , 1 , 2 , 2 , 2 , 2 , 1 , 1 , 1 , 1 , 1 , 3 , NA , NA , 1 , 1 , 1 , 0 , 2 , 1 , 2 , 2 , NA , 1 , 2 , 3 , 1 , 0 , 4 , 2 , 2 , 1 , 3 , 3 , 2 , 1 , 2 , 2 , 2 , 3 , 1 , 3 , 3 , 2 , 2 , 2 , 2 , 3 , 2 , 2 , 1 , 1
A_0002 , A , 3.32 , 4 , NA , 4 , 4 , 4 , 4 , 4 , 4 , 4 , 4 , 4 , 4 , 4 , NA , 4 , 4 , 4 , NA , 4 , 4 , NA , 4 , 4 , 4 , 4 , 4 , 4 , 4 , NA , 4 , 4 , 4 , 4 , 3 , 3 , 3 , 2 , 3 , 2 , 3 , 4 , 4 , 4 , 3 , 3 , 3 , 3 , 3 , NA , 2 , 3 , 3 , 4 , 3 , 2 , 4 , 4 , 4 , 2 , 2 , 3 , 3 , 3 , 4 , 4 , 4 , 4 , 4 , 4 , 4 , 4 , 4 , 4 , 4 , 4 , 4 , 4 , 4 , 4 , 4 , 4 , 4 , 4 , 4 , 4 , NA , 4 , 4 , 4 , 4 , 4 , 4 , 4 , 2 , 2 , 3 , 4 , 3 , 3 , 4 , 3 , 3 , 3 , 4 , 3 , 3 , 2 , 3 , 3 , 3 , NA , 3 , 4 , 3 , 2 , 3 , 3 , 3 , 4 , 3 , 3 , 3 , 2
A_0003 , A , 4.19 , 3 , 2 , NA , 3 , 3 , 4 , 4 , 2 , 2 , 4 , 4 , 3 , 3 , 4 , NA , 3 , 3 , 3 , 4 , 4 , NA , 3 , 2 , 4 , 4 , 3 , 3 , 3 , 2 , 3 , 3 , 4 , 4 , 3 , 2 , 3 , NA , 3 , 3 , NA , 2 , 3 , 2 , 2 , 2 , 3 , 2 , 2 , 3 , 2 , 4 , 3 , 3 , NA , NA , 3 , 3 , NA , 3 , NA , 3 , 1 , 3 , 3 , 3 , 3 , 3 , 4 , 3 , 4 , 2 , 3 , 3 , 3 , NA , 3 , 2 , 3 , 3 , 2 , NA , NA , 3 , 3 , 3 , 3 , 3 , 3 , 3 , 4 , 3 , 3 , 2 , 3 , 2 , 2 , 3 , 3 , NA , 2 , 2 , 2 , 2 , 2 , 2 , 3 , NA , 3 , 4 , 3 , 3 , 2 , 2 , 2 , 2 , 3 , 3 , 2 , 3 , 3 , 3 , 4 , 3
A_0004 , A , 4.79 , 1 , 2 , NA , 1 , 1 , 1 , 1 , 2 , 0 , 2 , 2 , 2 , 2 , 1 , 2 , 1 , 0 , NA , 2 , 2 , 1 , 1 , 0 , 0 , 2 , NA , 1 , 0 , 0 , 1 , 1 , 2 , 2 , 2 , 2 , 2 , 2 , 2 , 2 , 0 , 2 , 1 , 1 , 2 , 1 , 2 , 1 , 0 , 1 , 2 , 3 , 2 , 1 , 0 , 1 , 1 , 1 , 2 , NA , 1 , 2 , 0 , 2 , NA , 2 , 1 , 2 , 3 , NA , 3 , 2 , 1 , 1 , 3 , NA , 2 , 3 , 1 , NA , 1 , 2 , 2 , 3 , 3 , 2 , 1 , 2 , 2 , 1 , 2 , NA , 3 , 2 , 2 , 3 , 2 , 2 , 2 , 1 , 3 , NA , 1 , 1 , 3 , 3 , 3 , NA , 3 , 3 , 3 , NA , 2 , 2 , 3 , 3 , 3 , 3 , 1 , 2 , 2 , 3 , 4 , 3
A_0005 , A , 4.96 , 3 , 3 , NA , 3 , 3 , NA , 3 , 2 , 4 , 3 , 2 , 2 , 2 , 3 , 2 , 3 , 4 , 3 , 2 , 2 , 3 , 3 , 4 , 4 , 2 , NA , NA , 4 , 4 , 3 , 3 , NA , 2 , 3 , 2 , 3 , 3 , 4 , 3 , 3 , 2 , 3 , NA , 2 , 4 , 2 , 3 , 3 , 3 , NA , 3 , 4 , NA , 3 , 4 , 3 , 3 , 2 , 3 , 4 , NA , NA , 2 , 1 , 2 , NA , 1 , 1 , 1 , 1 , 2 , 2 , 2 , 1 , NA , 1 , 1 , 2 , 2 , NA , 2 , 1 , 1 , NA , 1 , 2 , 2 , 2 , 2 , 1 , 2 , 1 , 1 , 2 , 2 , 1 , 1 , 2 , 1 , 1 , 1 , 1 , 0 , 1 , 2 , 2 , 2 , 2 , 2 , 2 , 1 , 1 , 1 , 1 , 2 , 1 , NA , 1 , 1 , 1 , 2 , 2 , 2
A_0006 , A , 5.19 , 1 , 2 , 1 , 1 , 1 , 1 , 1 , 2 , 0 , 1 , 2 , 2 , 2 , 1 , 2 , 1 , 0 , 1 , 2 , 2 , 1 , 1 , 0 , 0 , 2 , 2 , 1 , 0 , 0 , NA , 1 , 3 , 2 , 2 , 2 , 2 , 1 , NA , 1 , 1 , 3 , 2 , 1 , 2 , 1 , NA , 1 , 1 , 2 , 1 , 2 , 1 , 2 , 1 , 0 , NA , 2 , 3 , 1 , NA , 2 , 1 , 2 , 1 , 0 , NA , 2 , 1 , 1 , 1 , 0 , 1 , 1 , 1 , 2 , 2 , 1 , 1 , 0 , 1 , 0 , 2 , 1 , 1 , NA , 1 , NA , 0 , 2 , 2 , 1 , 1 , 2 , 1 , 1 , 1 , 3 , NA , NA , 2 , NA , 2 , 2 , 2 , 1 , 2 , 0 , 1 , 2 , 2 , 2 , 2 , 3 , 1 , 0 , 1 , 2 , NA , 3 , 2 , 2 , 1 , 0
A_0007 , A , 6.09 , 3 , 2 , 3 , 3 , 3 , 3 , 3 , 2 , 4 , 3 , 2 , 2 , 2 , 3 , 2 , 3 , 4 , 3 , 2 , 2 , 3 , 3 , 4 , 4 , 2 , 3 , 3 , 4 , 4 , 3 , 3 , 2 , 2 , 3 , 1 , NA , 2 , 3 , 2 , 3 , 2 , 3 , 3 , 1 , 4 , 1 , 2 , 3 , 3 , 2 , 2 , 3 , 3 , 3 , 3 , NA , 3 , 2 , 2 , 3 , 1 , 3 , 1 , NA , NA , 4 , 3 , 2 , 2 , 2 , 4 , 3 , 3 , 2 , 0 , 3 , 2 , 4 , 4 , 4 , 3 , 2 , 3 , 2 , 3 , NA , NA , 3 , 3 , 3 , 4 , 2 , 3 , 3 , 3 , 2 , 3 , 2 , 2 , 3 , 1 , 2 , 2 , 2 , 4 , 3 , 2 , 3 , 3 , 3 , 2 , 2 , 3 , 2 , 3 , 1 , 3 , 3 , 3 , 2 , NA , 2 , 2
A_0008 , A , 6.17 , 2 , 2 , NA , 2 , 2 , 3 , 3 , 0 , 3 , 3 , 2 , 1 , 1 , 3 , 1 , NA , 3 , 2 , 2 , 2 , 2 , 1 , 2 , 4 , 1 , 2 , 2 , 3 , NA , 2 , NA , 2 , 2 , 2 , 1 , 2 , 2 , 3 , 2 , NA , 1 , 3 , 1 , 1 , 2 , 2 , 2 , 2 , 3 , 1 , 3 , 3 , 3 , NA , 2 , 3 , 3 , 2 , 2 , 3 , 2 , NA , 2 , 3 , 2 , 2 , 2 , 2 , 2 , 2 , 3 , 1 , 1 , 1 , 1 , 1 , 1 , 2 , 4 , 2 , 2 , 1 , 3 , 2 , NA , 2 , 2 , 3 , 1 , 2 , 2 , 2 , 1 , 2 , 2 , 1 , 2 , 1 , 0 , 3 , 2 , 0 , 0 , 2 , 3 , 3 , 2 , 2 , 3 , NA , 2 , 2 , 2 , 3 , 3 , 2 , 3 , 1 , 2 , 2 , 3 , 3 , 2
A_0009 , A , 6.8 , 3 , 2 , 4 , 3 , 3 , 3 , 3 , NA , 4 , NA , 2 , 2 , 2 , 3 , 2 , 3 , 4 , 3 , 2 , 2 , 3 , 2 , 4 , 4 , 2 , 3 , 3 , 4 , 4 , 3 , 3 , 2 , 2 , 3 , 1 , 3 , 2 , 3 , 2 , 3 , 2 , 3 , 3 , 1 , 4 , 1 , 2 , 3 , 3 , 2 , 2 , 3 , 3 , 3 , 3 , 3 , 3 , 2 , 2 , NA , 1 , 3 , 1 , 3 , 4 , 4 , 3 , 3 , 3 , 3 , 4 , 4 , 4 , 3 , 3 , 3 , 3 , 4 , 4 , 4 , 4 , 3 , 3 , NA , 3 , 4 , 4 , 4 , 4 , 3 , 4 , 3 , NA , 3 , 3 , 3 , NA , 3 , 3 , 3 , 2 , 3 , 3 , 3 , 4 , 3 , 3 , 4 , 3 , 3 , 3 , 2 , 3 , 2 , 3 , 2 , 3 , NA , 3 , 2 , 3 , 3 , NA
A_0010 , A , 7.44 , 3 , 1 , 1 , 3 , NA , 2 , 4 , 4 , 2 , 3 , 4 , 4 , 4 , NA , 3 , NA , 2 , 3 , 4 , 4 , 2 , 3 , 2 , 2 , 2 , 3 , 3 , 2 , 2 , 3 , 3 , 4 , 2 , 2 , 3 , 2 , 2 , 2 , 2 , 1 , 2 , NA , 2 , 3 , 1 , 3 , NA , 1 , 1 , 3 , 3 , 3 , 1 , 1 , 3 , 1 , 1 , 1 , 2 , 2 , 3 , 2 , 2 , 2 , 3 , 1 , 2 , 2 , 2 , 3 , 2 , 2 , 3 , 3 , 1 , 2 , 3 , 1 , 1 , 2 , 3 , 3 , 2 , 3 , 2 , 2 , 2 , 2 , 2 , 1 , 2 , 2 , 2 , 1 , 1 , 1 , 0 , 2 , 1 , 0 , NA , NA , 1 , 1 , 0 , 1 , 2 , 1 , NA , 1 , NA , 1 , 0 , 1 , NA , 2 , 1 , 1 , NA , 1 , 1 , 2 , 2
A_0011 , A , 7.76 , 1 , 1 , 1 , 1 , 1 , 1 , NA , 2 , NA , 1 , 2 , 2 , 2 , 1 , 2 , 1 , 0 , 1 , 2 , NA , 0 , 2 , NA , 0 , 2 , 1 , 1 , 0 , 0 , 1 , 1 , 2 , 3 , NA , 1 , 2 , 2 , 0 , NA , 3 , 1 , 0 , 1 , 1 , 1 , 1 , 0 , NA , NA , NA , 1 , 1 , 0 , NA , NA , 0 , 0 , 1 , 2 , 1 , 1 , 0 , 1 , 1 , 1 , NA , 1 , 2 , 2 , 2 , 0 , 1 , 1 , 2 , NA , 1 , NA , 0 , 0 , 0 , 1 , 2 , 1 , 2 , 1 , 0 , 1 , 1 , 1 , 1 , 0 , 2 , 1 , 1 , 1 , 2 , 0 , 2 , NA , 0 , 1 , 2 , 2 , 1 , 1 , 0 , 2 , 2 , 0 , NA , 1 , 0 , 0 , 0 , 1 , 1 , 0 , 2 , 0 , 0 , 0 , 1 , 2
A_0012 , A , 7.89 , 1 , 1 , 3 , 1 , 1 , 1 , 1 , 2 , 0 , 1 , 2 , NA , 2 , 1 , 2 , 1 , 0 , 1 , 2 , NA , 0 , 2 , 0 , 0 , 2 , 1 , 1 , 0 , 0 , 1 , 1 , 2 , 2 , 2 , 1 , NA , 2 , 0 , NA , 1 , 1 , 0 , 1 , 1 , 1 , 1 , 0 , 1 , 0 , 2 , NA , 1 , 0 , NA , 1 , NA , 0 , 1 , 2 , 1 , 1 , 0 , 1 , 3 , 1 , 2 , 3 , 2 , 2 , 2 , NA , 1 , 1 , 2 , 2 , 3 , 2 , 2 , 2 , 2 , 1 , 2 , 3 , NA , 3 , 2 , NA , 1 , 1 , NA , 2 , 2 , 3 , 3 , NA , 2 , 2 , 2 , 2 , 2 , 1 , 2 , 2 , 1 , 3 , 2 , 2 , 2 , 2 , NA , 1 , 2 , 2 , 2 , 3 , 1 , 2 , NA , 2 , 2 , 2 , 1 , 2
A_0013 , A , 8.17 , NA , 3 , 3 , 2 , 2 , 2 , 3 , 2 , NA , 3 , 4 , 3 , 3 , 3 , 2 , NA , 2 , 2 , 0 , 4 , 1 , 2 , 0 , 2 , 2 , 2 , 2 , 1 , 0 , 2 , 2 , 4 , 2 , NA , 2 , 4 , 2 , 1 , 2 , NA , 3 , 3 , 1 , 2 , 2 , 3 , 2 , 3 , 3 , 2 , 3 , 3 , 3 , 3 , NA , 3 , 3 , 3 , 2 , 2 , 3 , 2 , 2 , 4 , 2 , 2 , NA , NA , 1 , 3 , 3 , 1 , 2 , 2 , NA , 3 , 2 , 2 , 3 , 3 , 2 , 3 , 4 , 3 , 4 , 3 , 1 , 2 , 1 , NA , 3 , 2 , 3 , 2 , 3 , 3 , 4 , 2 , 3 , 4 , 2 , 3 , 3 , 3 , NA , 3 , 2 , 3 , NA , 3 , 3 , 3 , 4 , 3 , 3 , 2 , 3 , 3 , 4 , 3 , 3 , 2 , 2
A_0014 , A , 9.28 , 0 , 0 , 4 , 0 , 0 , 0 , 0 , 0 , 0 , 0 , 0 , 0 , 0 , 0 , NA , 0 , 0 , 0 , 0 , 0 , 0 , 0 , 0 , 0 , 0 , 0 , 0 , 0 , 0 , 0 , 0 , 0 , 0 , 0 , 0 , 0 , 0 , 0 , 0 , 0 , 0 , 0 , 0 , 0 , NA , 0 , 0 , 0 , 0 , 0 , NA , 0 , 0 , 0 , 0 , 0 , 0 , NA , 0 , 0 , 0 , 0 , 0 , 2 , NA , 2 , 2 , 2 , 2 , 2 , 2 , 2 , NA , NA , 2 , 2 , NA , 2 , 2 , 2 , 2 , 2 , 2 , 2 , 2 , NA , 2 , 2 , 2 , 2 , NA , 2 , 2 , 2 , 2 , 2 , 2 , 2 , 2 , 2 , NA , 2 , 2 , 2 , 2 , 2 , 2 , 2 , 2 , 2 , 2 , 2 , 2 , NA , 2 , 2 , NA , 2 , 2 , 2 , 2 , NA , 2
A_0015 , A , 9.93 , 2 , 1 , 2 , 2 , 2 , 3 , 1 , 2 , 2 , 2 , 3 , 1 , 2 , 2 , 3 , 1 , 2 , 2 , 2 , NA , 2 , 3 , 2 , 2 , 4 , 2 , 2 , NA , 2 , 2 , 2 , 2 , 4 , 1 , 2 , 1 , 2 , 1 , 2 , NA , 2 , 2 , 1 , 2 , 1 , 2 , 1 , 2 , 2 , NA , 1 , NA , 2 , 2 , 0 , 2 , 2 , 3 , 2 , 1 , NA , 2 , 3 , 1 , 1 , 2 , 2 , 3 , 3 , 2 , NA , NA , 2 , 2 , 2 , 2 , NA , 2 , 1 , 1 , NA , 3 , 1 , 2 , 2 , 1 , 2 , 2 , 3 , 3 , 1 , 3 , 2 , 1 , NA , 2 , 2 , 2 , 3 , 1 , 2 , 3 , NA , 2 , 0 , 1 , 1 , 1 , NA , 1 , 2 , 2 , 2 , 2 , 0 , 2 , 1 , NA , 2 , 2 , NA , 1 , 1
A_0016 , A , 10.62 , 3 , 1 , 3 , 3 , 3 , 4 , 2 , 2 , 3 , 4 , 4 , 2 , 3 , 4 , 3 , 3 , 4 , 3 , 4 , 4 , 3 , 3 , 2 , 4 , 4 , 3 , 3 , 3 , 3 , 3 , NA , 4 , 4 , 2 , 1 , 3 , 3 , 1 , 3 , 2 , 1 , 2 , 2 , 2 , 2 , 2 , NA , 3 , 2 , 2 , 2 , 2 , 2 , 3 , NA , 2 , 2 , 2 , 3 , 3 , NA , 2 , 2 , 4 , 2 , 3 , 4 , 3 , 3 , 3 , 3 , 2 , 2 , 2 , 3 , 3 , 3 , NA , 4 , 3 , 2 , 3 , 4 , 3 , 4 , 3 , 2 , 3 , 2 , 4 , 3 , 3 , 3 , 3 , 3 , 2 , 2 , 2 , 2 , 2 , 1 , 2 , 2 , 1 , 3 , 2 , 2 , 2 , 2 , 2 , 1 , NA , 2 , 2 , 3 , 1 , 2 , 2 , 2 , 2 , 2 , 1 , 2
A_0017 , A , 11.23 , 3 , 2 , 1 , 3 , 3 , 2 , 3 , 4 , 2 , 3 , 3 , 4 , 4 , 3 , 3 , 4 , 2 , NA , 4 , 4 , NA , 3 , 3 , 2 , NA , 3 , 3 , 2 , 2 , 3 , 3 , 4 , 2 , 3 , 3 , 2 , 2 , 3 , 2 , NA , 3 , 2 , 3 , 3 , 2 , 3 , 3 , 1 , 2 , 3 , 4 , NA , 2 , 1 , 3 , 2 , 2 , NA , 2 , 2 , 3 , 2 , 2 , 3 , 3 , 2 , 2 , NA , NA , 3 , 3 , NA , 2 , 3 , 2 , 2 , 2 , 2 , 2 , NA , 2 , 2 , 3 , NA , 2 , 3 , 2 , 1 , 1 , 2 , 3 , 1 , 2 , 2 , 1 , 1 , 2 , 1 , 0 , 2 , NA , 0 , 0 , 1 , 2 , 2 , 1 , 2 , 3 , 2 , 2 , 1 , 0 , NA , 2 , 2 , NA , 1 , NA , NA , 2 , 2 , 2
A_0018 , A , 11.72 , 2 , 1 , 2 , 2 , 2 , 1 , 3 , 2 , 2 , 2 , 1 , 3 , 2 , 2 , 1 , 3 , 2 , 2 , 2 , 2 , 2 , 1 , 2 , 2 , 0 , 2 , 2 , 2 , 2 , 2 , NA , 2 , 0 , 2 , 1 , 1 , 1 , NA , 1 , 2 , 1 , 1 , 1 , 2 , 2 , 1 , 2 , NA , 1 , 2 , 1 , 3 , 1 , 2 , 3 , NA , 1 , 0 , 1 , 2 , 1 , 1 , 0 , 2 , 2 , 2 , 3 , 0 , 1 , 1 , 3 , 2 , 3 , 1 , 2 , 2 , 3 , 2 , 2 , 4 , NA , 2 , 2 , 2 , 3 , 3 , 1 , 2 , 2 , 2 , 3 , 1 , 3 , 2 , 3 , 1 , 1 , 1 , 2 , 1 , 1 , 2 , 2 , 1 , 2 , 2 , 2 , 1 , 1 , NA , 0 , 2 , 3 , 1 , 2 , 0 , 2 , 1 , 1 , 1 , 2 , 1 , 1
A_0019 , A , 11.91 , 2 , 1 , 3 , NA , 2 , 2 , 1 , NA , 2 , 3 , 3 , 2 , 4 , 3 , 2 , 3 , 2 , 2 , 4 , 4 , 2 , 2 , 1 , 2 , 2 , 2 , 2 , 1 , 1 , NA , 2 , 4 , 2 , NA , 2 , 1 , 1 , 0 , 1 , 1 , 2 , 2 , 0 , NA , 0 , 3 , 2 , 2 , 2 , 1 , 2 , 1 , 2 , 2 , 3 , 2 , 2 , 2 , 1 , 1 , 3 , 2 , 2 , 2 , 2 , NA , 4 , 2 , 3 , 3 , 2 , 2 , 3 , 2 , NA , 1 , 3 , 1 , 2 , 3 , 3 , 4 , 3 , 4 , NA , 2 , 1 , 3 , NA , 2 , 2 , 3 , 4 , 1 , 2 , 2 , 2 , 2 , 3 , 2 , 3 , 3 , 3 , 1 , 1 , 2 , NA , 1 , 1 , 2 , 2 , 3 , 3 , 2 , 1 , 2 , 2 , 2 , 2 , 2 , 2 , 2 , 1
A_0020 , A , 12.85 , 3 , 3 , 1 , 3 , 3 , 4 , 2 , 2 , 4 , 4 , 4 , 2 , 4 , 4 , 3 , 3 , 4 , NA , 4 , 2 , 3 , 3 , 2 , NA , 4 , 3 , 3 , 3 , 3 , NA , NA , 4 , 4 , 2 , 3 , 3 , 3 , 3 , 3 , 2 , 3 , NA , 3 , NA , 2 , 4 , 3 , 3 , 4 , 2 , NA , 2 , 4 , 3 , 2 , 3 , 4 , 4 , 3 , 3 , 4 , NA , 4 , 3 , 2 , 1 , NA , 3 , 2 , 2 , 2 , NA , 1 , 2 , 2 , 2 , 1 , 2 , 3 , 1 , 1 , 2 , 3 , 2 , 2 , 2 , 1 , 2 , 1 , 3 , 2 , 2 , 2 , 2 , 1 , 2 , 3 , NA , 1 , 3 , NA , 1 , 1 , 2 , 3 , 2 , 1 , 2 , 3 , 2 , NA , 2 , 1 , 3 , 2 , 3 , 2 , 2 , 3 , NA , 2 , 2 , 2
A_0021 , A , 12.92 , 2 , 1 , 3 , 2 , 2 , 1 , 2 , NA , 1 , 1 , 2 , 3 , 2 , 1 , NA , 2 , NA , 2 , 2 , 2 , 2 , 3 , 3 , 0 , 2 , 2 , 2 , 1 , 1 , 2 , 2 , 2 , 2 , NA , 2 , 2 , 2 , NA , 2 , 2 , NA , NA , 1 , 3 , 2 , 1 , NA , 1 , 0 , 3 , 1 , 2 , 0 , 1 , 2 , 1 , 0 , 1 , 2 , 1 , 1 , 0 , 1 , 3 , 3 , 2 , 2 , 3 , 3 , 3 , NA , 2 , 2 , 4 , 2 , 2 , 3 , 2 , NA , 2 , 3 , 2 , 3 , 3 , NA , 2 , 2 , 1 , 2 , 1 , 2 , 3 , 2 , 2 , NA , 3 , 1 , 2 , NA , 2 , NA , 2 , 2 , 2 , 3 , 1 , 3 , 3 , 1 , 1 , 2 , 1 , 2 , 2 , 3 , 2 , 1 , 3 , 1 , 1 , 1 , 1 , 3
A_0022 , A , 13.94 , 4 , 3 , NA , 4 , NA , 4 , 4 , NA , 4 , 4 , 4 , 4 , 4 , 4 , 2 , NA , 4 , NA , NA , 4 , 4 , 4 , 4 , 4 , 4 , 4 , 4 , 4 , 4 , 4 , 4 , 4 , 4 , 4 , 3 , 4 , 3 , 3 , 3 , 4 , 4 , 4 , 3 , 3 , 4 , 3 , 3 , 4 , 4 , 3 , 3 , 4 , 4 , 4 , 3 , 4 , 4 , 4 , 3 , 3 , 3 , 3 , 3 , 2 , 3 , 4 , 3 , 3 , 3 , NA , 2 , 4 , 4 , 3 , 3 , 3 , 3 , 3 , NA , 3 , 3 , 4 , 2 , NA , 3 , 3 , 4 , 4 , 4 , 3 , 3 , 3 , 3 , 2 , NA , 3 , NA , 3 , 4 , 2 , 2 , 4 , 4 , 3 , 2 , 2 , 2 , 3 , 2 , NA , 3 , 3 , 3 , 1 , 1 , NA , 2 , 3 , 3 , 2 , 2 , NA , 1
A_0023 , A , 15.32 , 1 , 2 , 2 , 1 , NA , 1 , 0 , 2 , 1 , 1 , NA , NA , NA , 1 , 2 , 1 , NA , 1 , 2 , 2 , 1 , 2 , 1 , 0 , 2 , 1 , 1 , 0 , 0 , 1 , 1 , 2 , 2 , 1 , NA , 1 , 2 , 1 , NA , 1 , 2 , 1 , NA , 2 , 0 , 3 , 2 , 1 , NA , 3 , 2 , 0 , 1 , 1 , NA , 1 , 1 , 2 , 2 , NA , 3 , 2 , 3 , 2 , 0 , 1 , 2 , NA , 2 , 1 , NA , 1 , 1 , 1 , 1 , 1 , NA , 1 , 1 , 2 , 1 , 2 , 2 , 2 , 3 , 1 , NA , 1 , 1 , 1 , 1 , 2 , 3 , 2 , 2 , 1 , 2 , 2 , 2 , 2 , NA , 2 , 2 , 2 , 1 , 3 , 2 , 0 , 2 , NA , 1 , 3 , 3 , 3 , 2 , 2 , 3 , 1 , 2 , 3 , 3 , 2 , 1
A_0024 , A , 15.54 , 4 , 2 , 3 , 4 , 4 , 4 , 4 , 4 , 4 , 4 , 4 , NA , 4 , 4 , 4 , 4 , 4 , 4 , 4 , 4 , 4 , 4 , 4 , 4 , 4 , 4 , 4 , NA , 4 , 4 , 4 , 4 , 4 , 3 , 3 , NA , NA , 2 , NA , 4 , 3 , 3 , 2 , 3 , NA , 3 , 3 , 4 , 3 , 3 , 2 , 3 , 3 , NA , 3 , 3 , 3 , 3 , 3 , 3 , 3 , 3 , 3 , 3 , 3 , 4 , 4 , 3 , 4 , NA , 3 , 4 , 4 , NA , 3 , 3 , 4 , 3 , 4 , NA , 4 , 4 , 3 , 4 , 3 , 3 , 4 , 4 , 3 , 3 , 3 , 4 , 4 , 2 , 3 , 3 , 2 , 3 , 4 , 2 , 3 , 4 , 4 , 3 , NA , 2 , 3 , 2 , 1 , 2 , 2 , 3 , 4 , 2 , 2 , NA , 2 , 3 , 2 , NA , 2 , 2 , 2
A_0025 , A , 16.89 , 3 , 2 , 2 , 3 , 3 , 4 , NA , 2 , 4 , NA , NA , 2 , 4 , NA , 3 , 3 , 4 , NA , 4 , 4 , 3 , 3 , 2 , 4 , 4 , NA , 3 , 3 , 3 , 3 , 3 , 4 , 4 , 1 , 3 , NA , 3 , 2 , 3 , 2 , 2 , 3 , 2 , NA , NA , 4 , 3 , 3 , 3 , NA , 3 , 1 , 3 , 2 , 2 , 2 , 3 , NA , 3 , 3 , 4 , 4 , 3 , 3 , 3 , NA , 2 , 3 , NA , 3 , 2 , 2 , 2 , 2 , 3 , 3 , 2 , 3 , 2 , 2 , 1 , NA , 3 , 2 , 3 , 3 , 2 , 3 , 2 , 4 , 3 , 2 , 3 , 3 , 1 , 2 , 3 , 2 , 2 , 2 , 2 , NA , 2 , 1 , 1 , 2 , 1 , 1 , 3 , 2 , NA , NA , NA , 3 , 2 , 3 , 2 , 2 , 2 , 4 , NA , 2 , 2
A_0026 , A , 16.96 , 2 , 1 , 0 , 2 , 2 , 1 , 2 , 4 , 1 , 1 , 2 , 3 , 2 , 1 , 3 , NA , 0 , 2 , 2 , 2 , 2 , 3 , 3 , 0 , 2 , 2 , 2 , 1 , 1 , NA , 2 , 2 , 2 , 3 , 2 , 2 , 2 , 1 , 2 , 2 , 2 , 0 , 1 , 3 , 2 , 1 , 1 , 1 , 0 , 2 , 1 , NA , 0 , 2 , 2 , 1 , 0 , 1 , 2 , 1 , 1 , 0 , NA , 1 , 1 , 1 , 1 , 1 , 1 , 1 , 1 , 1 , 1 , 2 , 1 , 1 , 2 , 1 , 0 , 1 , 1 , 1 , 3 , 1 , 1 , 1 , 1 , 0 , 1 , 0 , 1 , 1 , 1 , 1 , 1 , NA , 0 , 1 , 1 , 0 , 0 , 1 , 1 , 0 , 1 , 0 , 1 , 1 , 0 , 0 , 0 , 0 , 1 , 0 , 1 , 0 , 0 , 1 , 1 , 0 , 0 , 0 , 1
A_0027 , A , 19.21 , 3 , 3 , 2 , 3 , 3 , 3 , 4 , 2 , 3 , 3 , 2 , NA , 2 , 3 , 2 , 3 , 4 , 3 , 2 , NA , 3 , 3 , 3 , 4 , 2 , 3 , 3 , 4 , 4 , 3 , 3 , 2 , 2 , NA , 3 , 2 , 3 , 3 , 3 , 4 , 2 , 3 , 3 , NA , 3 , NA , 4 , 4 , 3 , 3 , 2 , 3 , 3 , 4 , 4 , 3 , 3 , 2 , 3 , NA , 3 , 4 , 3 , 2 , 3 , 3 , 1 , 1 , 1 , 2 , 3 , 3 , NA , 2 , NA , 4 , 2 , NA , 2 , 3 , NA , 2 , 2 , 1 , 2 , 4 , 3 , 3 , 3 , 4 , 4 , 1 , 1 , 4 , 2 , 3 , 3 , 3 , 3 , 2 , 2 , 3 , NA , 1 , 2 , 2 , 2 , 2 , 3 , 2 , 2 , 2 , 3 , 3 , 3 , 3 , NA , 3 , NA , 4 , 2 , 2 , 3
A_0028 , A , 19.46 , 3 , 1 , 1 , 2 , 3 , 2 , 3 , 4 , 2 , 3 , 3 , 4 , 4 , 3 , 3 , 4 , 2 , 3 , 4 , 3 , 3 , 3 , 3 , 2 , 3 , 3 , 2 , 2 , 2 , 4 , 3 , NA , 2 , 3 , 2 , 2 , 2 , 1 , 2 , 2 , 2 , 1 , 1 , 3 , 2 , 2 , 2 , 2 , NA , 2 , 2 , 3 , 1 , 2 , 3 , NA , 1 , 1 , 2 , 2 , 2 , 1 , 2 , NA , 2 , 1 , NA , 1 , 2 , 2 , 3 , 1 , 2 , NA , 1 , 1 , 3 , 1 , 2 , 3 , NA , 2 , NA , 3 , 3 , 2 , 1 , 1 , 1 , 1 , 1 , 2 , NA , 1 , 2 , 1 , NA , NA , 1 , 1 , 1 , 1 , 1 , 1 , 2 , NA , 2 , 1 , 0 , 1 , NA , 1 , 2 , 1 , 2 , 0 , 1 , 1 , 1 , 0 , 1 , 0 , 1
A_0029 , A , 19.73 , 3 , 2 , 0 , 4 , NA , 3 , 3 , NA , 3 , NA , 3 , 3 , 2 , 3 , 4 , 2 , 2 , 3 , 2 , 3 , NA , 4 , 4 , 2 , NA , 3 , 3 , 0 , 3 , 2 , 3 , 2 , 4 , 3 , 3 , 3 , 4 , 3 , 4 , 3 , 2 , 1 , NA , 2 , 3 , 2 , 2 , 2 , 1 , NA , 2 , 2 , 1 , 3 , 3 , NA , 1 , 2 , 4 , 3 , 2 , 2 , 3 , 1 , 2 , 2 , NA , 2 , 2 , 1 , NA , 2 , NA , 2 , 2 , 2 , 2 , 2 , 1 , 1 , 1 , 1 , NA , 1 , 1 , 1 , 2 , 1 , 2 , 1 , 1 , 2 , 1 , 2 , 1 , NA , 0 , 2 , 1 , 0 , 1 , 1 , 1 , 0 , 1 , 1 , NA , NA , 1 , NA , 0 , 0 , 1 , 1 , NA , 1 , 1 , NA , 1 , 1 , 1 , 1 , 2
A_0030 , A , 20.15 , 3 , 1 , 2 , 3 , 3 , 4 , 2 , 2 , NA , 3 , 4 , 2 , 4 , 3 , 3 , NA , 4 , 0 , 4 , 4 , 3 , 2 , 2 , NA , 4 , 3 , 4 , 3 , 3 , 0 , 3 , 4 , 4 , 2 , 1 , 3 , 2 , 2 , 2 , 1 , 3 , 3 , 2 , 1 , 2 , 2 , 1 , 2 , 3 , 1 , 3 , 2 , 3 , 1 , 1 , NA , 3 , 3 , NA , 2 , NA , NA , 1 , 3 , NA , 2 , 2 , 3 , 2 , 3 , 2 , 2 , 2 , 2 , 3 , 3 , 2 , 3 , NA , NA , 1 , NA , 3 , 2 , 3 , 3 , 2 , 3 , 2 , 4 , 4 , 2 , 2 , 2 , 2 , 1 , 3 , 1 , 1 , 2 , 0 , 1 , 1 , 1 , 2 , 2 , 0 , 2 , 3 , 2 , 2 , 2 , 1 , 1 , 1 , 1 , 2 , 1 , 2 , 2 , 2 , 2 , 1
A_0031 , A , 20.66 , 3 , 2 , 1 , 3 , 3 , 3 , 4 , 2 , 3 , 3 , 2 , 3 , 2 , 3 , NA , 3 , 4 , 3 , 2 , 2 , 3 , 3 , 3 , 4 , 2 , NA , 3 , 4 , NA , 3 , 3 , 2 , NA , 3 , 1 , 3 , 2 , 3 , 2 , 3 , 2 , 3 , 3 , 2 , 4 , 1 , 2 , 3 , 3 , 1 , 2 , 4 , 3 , 3 , 3 , 3 , 1 , 2 , 2 , 3 , 1 , 2 , 1 , NA , 1 , 3 , 2 , 2 , 0 , 2 , 2 , 3 , 3 , 2 , 2 , 2 , NA , 2 , 3 , 2 , 3 , 2 , 1 , 2 , 1 , 2 , 3 , 3 , 3 , 2 , NA , NA , NA , NA , NA , 2 , 1 , 2 , 2 , 1 , 1 , 2 , 2 , 2 , 2 , 1 , NA , 3 , 1 , 1 , 2 , 1 , NA , 0 , 1 , 1 , 1 , NA , 3 , 0 , 1 , 2 , 2
A_0032 , A , 21.73 , 4 , 1 , 2 , 4 , 4 , 4 , 4 , 4 , 4 , 4 , 4 , 4 , 4 , 4 , 4 , 4 , 4 , 4 , 4 , 4 , 4 , 4 , 4 , 4 , 4 , 4 , 4 , 4 , 4 , 4 , 4 , 4 , 4 , 2 , 3 , 2 , 2 , 2 , 2 , 3 , 3 , 3 , 2 , 2 , 2 , 3 , 3 , 3 , 3 , 3 , NA , 2 , 3 , 3 , 2 , 3 , 3 , 3 , 2 , 2 , 3 , 3 , 3 , 3 , 4 , 3 , 2 , 3 , 2 , 3 , 3 , 4 , 3 , 3 , NA , 4 , 3 , 4 , 4 , 3 , 2 , 3 , 3 , NA , 3 , 4 , 3 , 3 , 3 , 4 , 3 , 2 , 2 , 2 , NA , 2 , 3 , 1 , 2 , 2 , NA , 2 , 2 , 1 , 1 , 1 , 0 , 1 , 2 , 1 , 2 , 2 , 2 , 2 , 1 , 0 , NA , 2 , 1 , 3 , 1 , 1 , 1
A_0033 , A , 21.92 , 1 , 0 , 1 , 3 , 1 , 2 , 1 , NA , 2 , 1 , 1 , 0 , 0 , 1 , 1 , 0 , 2 , 1 , NA , 1 , NA , 1 , 1 , 2 , 1 , 1 , 2 , 2 , 2 , 0 , 1 , 0 , NA , 0 , 0 , 1 , 1 , 1 , 1 , 1 , 0 , 1 , 1 , NA , NA , 0 , 0 , 1 , 1 , 0 , 0 , 0 , 1 , NA , 0 , 1 , 1 , 1 , 1 , 1 , 0 , 1 , 0 , 0 , NA , 2 , 0 , 1 , NA , 0 , 0 , NA , 1 , 0 , 2 , 2 , 2 , 2 , 1 , NA , 0 , 1 , NA , 0 , 0 , 1 , NA , 2 , 2 , 2 , 2 , 1 , NA , 1 , 1 , 0 , 1 , 1 , 1 , NA , 0 , 1 , 1 , 0 , 0 , NA , 0 , 0 , 1 , 1 , 0 , 1 , 1 , 0 , 0 , 1 , 1 , 0 , 0 , 1 , 1 , 1 , 0
A_0034 , A , 22.02 , 1 , 2 , 3 , 1 , 1 , 0 , NA , 2 , 0 , 1 , 0 , 2 , 0 , 1 , 1 , 1 , 0 , 1 , 0 , 0 , 1 , 2 , 2 , NA , 0 , 1 , 0 , NA , 1 , 1 , 1 , 0 , 0 , 2 , 2 , 1 , 2 , 2 , 2 , 2 , 1 , 0 , 2 , 3 , NA , 1 , NA , 1 , 0 , 2 , NA , 2 , 0 , NA , 3 , 1 , 0 , 0 , 2 , 2 , 2 , 1 , 2 , 2 , 3 , NA , 1 , 1 , 1 , 1 , 3 , 3 , 2 , 2 , 3 , 3 , 3 , 3 , 1 , 3 , 2 , NA , 2 , 1 , 2 , 3 , 2 , 1 , 2 , NA , 1 , 1 , 1 , 4 , 3 , 2 , 2 , 3 , 2 , 2 , 2 , NA , 2 , 1 , 3 , 3 , 3 , 2 , 3 , 3 , 1 , 2 , 3 , 3 , 4 , 1 , 3 , NA , 2 , 3 , 3 , 1 , 2
A_0035 , A , 23.97 , 2 , 3 , 2 , 3 , 2 , NA , 3 , 2 , 2 , 2 , 1 , 2 , 0 , 2 , 2 , NA , 2 , NA , 0 , 1 , 2 , 3 , 3 , 2 , 1 , 2 , 2 , 2 , NA , 1 , 2 , 0 , 2 , 2 , 3 , 2 , 3 , 3 , 3 , 4 , 2 , 2 , 3 , 3 , 3 , 2 , NA , 3 , 2 , 3 , 2 , 2 , 2 , 4 , 3 , 3 , 2 , NA , 3 , 3 , 3 , 3 , 3 , 2 , 2 , 2 , 4 , 2 , 2 , 1 , 3 , 3 , NA , 2 , 3 , 3 , 3 , 3 , 2 , 2 , 2 , NA , 2 , 1 , 2 , 2 , 2 , 1 , 2 , 2 , 1 , 2 , 1 , 3 , 2 , 3 , 2 , 2 , 2 , 3 , 3 , 2 , 3 , 2 , 3 , 2 , 3 , 2 , 2 , 2 , 2 , 2 , 3 , 4 , 4 , 1 , 2 , 3 , 2 , 3 , 2 , 1 , 2
A_0036 , A , 24.5 , 2 , 2 , 3 , 3 , 2 , 4 , 1 , 2 , 3 , 2 , 3 , 1 , 2 , 2 , 3 , 1 , 2 , 2 , 2 , 3 , 2 , 2 , 2 , 2 , 3 , 2 , 3 , 2 , 2 , 1 , 2 , 2 , 4 , 2 , NA , 3 , 3 , 1 , 3 , NA , 2 , 2 , 1 , 2 , NA , 2 , 1 , 3 , 2 , 2 , 2 , NA , 2 , 3 , 1 , 2 , 2 , 3 , 2 , 2 , 2 , 2 , 2 , 2 , 2 , 3 , 3 , 3 , 3 , 2 , 1 , 2 , 2 , 3 , NA , 2 , 3 , 2 , 3 , 2 , 2 , 3 , 2 , 3 , 2 , 2 , 3 , 3 , 3 , 2 , 3 , 4 , 3 , 2 , 3 , NA , 2 , 3 , 4 , 2 , 3 , 4 , 3 , 3 , NA , 2 , 3 , 2 , 1 , 2 , 2 , 3 , 4 , 2 , 2 , 3 , 2 , 3 , 2 , 2 , 2 , 2 , 2
A_0037 , A , 24.53 , 2 , 2 , 3 , 2 , 2 , 3 , 2 , 0 , 3 , 2 , 2 , 1 , 2 , 2 , 1 , 2 , NA , NA , 2 , 2 , 2 , 1 , 1 , 4 , 2 , 2 , 3 , 3 , 3 , 2 , NA , 2 , 2 , 1 , 1 , NA , 1 , 2 , 1 , NA , 2 , 4 , 2 , 0 , 2 , 2 , 2 , 3 , 4 , 1 , 2 , 2 , 4 , 2 , 1 , 3 , NA , 3 , NA , 2 , 1 , 3 , 1 , NA , 2 , 3 , 2 , 3 , 2 , 3 , 2 , 3 , NA , 3 , 3 , 3 , 2 , 3 , 3 , 2 , 2 , 3 , 2 , 2 , 2 , 2 , 3 , 4 , 3 , NA , NA , 2 , 2 , 2 , 2 , 3 , 4 , 2 , 3 , 3 , 2 , 3 , 3 , 3 , 2 , 2 , NA , 3 , 3 , NA , 4 , 3 , 2 , 2 , 1 , 3 , NA , 3 , 3 , 3 , 2 , 3 , 3
A_0038 , A , 26.57 , 4 , 3 , 3 , 4 , 4 , 4 , 4 , 4 , 4 , 4 , 4 , 4 , NA , 4 , 4 , 4 , 4 , 4 , 4 , 4 , 4 , 4 , 4 , 4 , 4 , 4 , 4 , 4 , 4 , 4 , 4 , 4 , NA , 4 , 3 , 4 , 3 , NA , NA , 4 , 4 , NA , NA , 3 , 4 , 3 , 3 , 4 , 4 , 3 , 3 , 4 , 4 , 4 , 3 , 4 , 4 , NA , 4 , 3 , 3 , 3 , 3 , 3 , 3 , 2 , 2 , NA , 3 , 3 , NA , 3 , 2 , 2 , 3 , 3 , 2 , 3 , 2 , 2 , 2 , 2 , 3 , 2 , 3 , 2 , 2 , 2 , 2 , 3 , 2 , 2 , 2 , NA , 2 , 3 , 3 , 2 , 2 , 3 , 1 , 2 , 3 , 2 , 3 , 1 , 1 , NA , 2 , 1 , 3 , 2 , 2 , 2 , 2 , 2 , NA , 3 , 3 , NA , 2 , 2 , NA
A_0039 , A , 26.68 , 3 , 3 , 0 , 2 , NA , 2 , 3 , 4 , 2 , 3 , 3 , 4 , NA , 3 , 3 , 4 , 2 , 2 , 4 , 3 , 3 , 3 , 3 , NA , 3 , 3 , 2 , 2 , 2 , 4 , 3 , 3 , 2 , 4 , 3 , 3 , 3 , 3 , NA , 3 , 3 , 2 , 3 , 4 , 3 , 3 , 3 , 2 , 2 , 3 , 3 , 4 , NA , 2 , 4 , 2 , 2 , 2 , 2 , 3 , 3 , 2 , 3 , 2 , 2 , 1 , 2 , 1 , 1 , 2 , 2 , 1 , 2 , NA , 1 , 1 , 1 , 1 , 1 , NA , 2 , NA , 2 , 2 , 2 , 2 , 1 , 1 , 1 , 1 , 1 , NA , 2 , NA , 2 , 1 , 1 , NA , 1 , 1 , 1 , NA , NA , 1 , 2 , 2 , 2 , 2 , 2 , 2 , NA , 1 , 1 , 1 , 2 , 1 , 2 , 1 , 2 , 1 , 2 , 1 , 2
A_0040 , A , 26.75 , 0 , NA , 3 , 0 , 0 , 0 , 0 , 0 , 0 , 0 , 0 , 0 , 0 , 0 , 0 , 0 , 0 , 0 , 0 , 0 , 0 , 0 , 0 , 0 , NA , 0 , 0 , 0 , 0 , 0 , 0 , 0 , 0 , 0 , 2 , 0 , 1 , 1 , 1 , 1 , 1 , 1 , 1 , 1 , 0 , 2 , 2 , 1 , 1 , 2 , 2 , 0 , 1 , 1 , 1 , 1 , 1 , 1 , 1 , 1 , NA , 2 , 2 , 2 , 2 , 1 , 2 , 1 , 2 , 1 , 2 , 2 , 1 , 1 , 2 , 2 , 2 , 2 , 1 , 2 , 1 , 1 , 2 , NA , 2 , NA , 1 , 1 , 1 , 2 , 1 , NA , 1 , 3 , 2 , 2 , 3 , 2 , 2 , 3 , NA , NA , 3 , 2 , 2 , 3 , 0 , 1 , 3 , 3 , 2 , NA , 3 , 4 , 3 , 3 , 3 , 2 , 1 , 4 , 2 , 2 , NA
A_0041 , A , 27.78 , 2 , 3 , 2 , NA , NA , 3 , NA , 2 , 3 , 2 , 3 , 1 , 2 , 2 , 3 , 1 , 2 , 3 , 2 , 3 , NA , NA , 2 , 2 , 3 , 2 , 3 , 2 , 2 , 1 , 2 , 3 , 4 , 3 , 2 , 4 , 4 , NA , 4 , 1 , 2 , 2 , 3 , 3 , 3 , 2 , 1 , 2 , 2 , 2 , 2 , NA , 2 , 2 , 2 , 2 , 2 , 3 , 3 , 3 , 2 , 2 , 2 , 2 , 2 , 2 , 2 , 3 , 3 , 2 , 1 , 1 , 1 , 2 , 1 , 1 , 2 , 1 , 3 , 1 , 2 , 2 , NA , 3 , 2 , 1 , 2 , NA , 2 , 1 , 2 , 4 , NA , 2 , 3 , 2 , 1 , NA , 2 , 2 , 3 , NA , 1 , 3 , 3 , 3 , 4 , 3 , 2 , 3 , 1 , 2 , 2 , 2 , NA , 2 , 3 , 2 , 3 , 1 , 3 , 2 , 3
A_0042 , A , 28.3 , 1 , 0 , 1 , 1 , 1 , 0 , 2 , 2 , 0 , 1 , NA , 2 , 0 , 1 , 1 , 1 , 0 , 1 , 0 , 0 , NA , 2 , 2 , 0 , 0 , 1 , NA , 1 , NA , NA , NA , NA , 0 , 1 , 1 , 0 , 0 , 1 , 0 , 1 , 1 , 0 , 1 , 1 , 1 , 0 , 1 , 0 , 0 , 1 , 0 , 1 , NA , 1 , 1 , 0 , 0 , 0 , 0 , 0 , 1 , 0 , 1 , 0 , 2 , 2 , 1 , 0 , 0 , 0 , 1 , 2 , 2 , 2 , 2 , 2 , 2 , NA , 0 , 2 , 1 , 1 , NA , 0 , 0 , 2 , 2 , NA , 2 , 1 , 1 , 0 , 0 , 1 , 1 , 0 , 1 , 1 , 1 , 0 , 0 , 1 , 1 , 0 , 0 , 1 , 0 , 0 , 1 , 1 , 1 , 1 , 1 , 0 , 0 , 1 , 1 , 0 , 0 , 1 , 0 , 1 , 0
A_0043 , A , 28.88 , 2 , 0 , 1 , 2 , 2 , 1 , 2 , 4 , 1 , 2 , 2 , 3 , 2 , 2 , NA , NA , 0 , 2 , 2 , 2 , 2 , 3 , 3 , 0 , 2 , 2 , 1 , 1 , 1 , NA , 2 , 2 , 2 , 2 , 2 , 1 , 1 , 1 , 1 , NA , 2 , 0 , 1 , 2 , 1 , 1 , 1 , 0 , 0 , 2 , 1 , 1 , 0 , 1 , 1 , 0 , 0 , 1 , NA , 0 , 2 , 0 , 2 , 2 , 3 , 1 , NA , 1 , 2 , 1 , 2 , 1 , 1 , NA , 1 , 1 , 2 , 1 , 1 , 2 , NA , 1 , 2 , 2 , 2 , 2 , 1 , 0 , 1 , 0 , NA , 2 , 2 , NA , 1 , 0 , 0 , 0 , 0 , 1 , 1 , 0 , 0 , 1 , 1 , 1 , 1 , 0 , 0 , 1 , 0 , NA , 1 , 1 , 1 , 1 , 1 , NA , 0 , 0 , 0 , 0 , 0
A_0044 , A , 29.78 , 2 , 1 , NA , 1 , 2 , 2 , 1 , 2 , 2 , NA , 0 , 2 , 4 , NA , 2 , 3 , 2 , 1 , 4 , 3 , 2 , 1 , 1 , 2 , 3 , 2 , 2 , 1 , 1 , 3 , 2 , 3 , 2 , NA , 2 , 1 , 1 , 1 , 1 , 2 , NA , 2 , 0 , 1 , 0 , 3 , 2 , 2 , 2 , 2 , 3 , 1 , NA , 1 , 1 , 2 , 2 , 2 , 2 , 1 , 1 , 2 , 2 , 3 , 2 , 2 , 3 , NA , 2 , 4 , 2 , 2 , 3 , 2 , 2 , 2 , 1 , 2 , 2 , 2 , 2 , 4 , 3 , 4 , 3 , 2 , 2 , NA , 2 , 3 , 3 , 2 , 3 , 2 , 1 , 3 , 3 , 3 , NA , 2 , 2 , 3 , 3 , 2 , 1 , 1 , 1 , 2 , 2 , 1 , 3 , 2 , 2 , 2 , 1 , 2 , 1 , 3 , 2 , 3 , NA , 3 , 2
A_0045 , A , 30.33 , 2 , 3 , 3 , 1 , 2 , 2 , 1 , 2 , 2 , 2 , 3 , 2 , 4 , 2 , 2 , 3 , 2 , 1 , 4 , 3 , 2 , 1 , 1 , NA , 3 , 2 , 2 , 1 , 1 , 3 , 2 , 2 , 2 , 2 , 3 , 2 , 2 , 3 , 2 , 2 , 3 , 3 , 2 , 2 , 1 , 4 , 3 , 2 , 3 , 3 , 4 , 2 , 3 , 1 , 2 , 3 , 2 , 3 , NA , 2 , 3 , 3 , 3 , 4 , 3 , 1 , 4 , 2 , 4 , 3 , 3 , 2 , NA , 1 , 2 , 2 , 2 , 2 , 2 , 3 , 2 , 3 , 4 , 3 , 3 , 3 , 1 , 2 , 1 , 3 , 2 , 2 , 2 , 3 , 3 , 2 , 4 , 2 , 2 , 4 , 3 , 2 , 3 , 3 , 3 , 4 , 2 , 2 , 4 , 4 , 4 , 4 , 3 , 4 , 3 , NA , 4 , 2 , NA , 4 , 3 , NA , 2
A_0046 , A , 30.64 , 1 , 2 , 0 , 0 , 1 , 1 , 1 , 0 , 1 , 1 , 1 , 1 , 2 , 1 , 0 , 2 , 2 , 0 , 2 , 1 , 1 , 0 , 0 , 2 , 1 , 1 , 1 , 1 , 1 , 2 , 1 , 0 , 0 , 1 , 1 , 1 , NA , 3 , 1 , 1 , 1 , 2 , 2 , 1 , 1 , 2 , NA , 1 , 2 , NA , 2 , 2 , 2 , 0 , 2 , 2 , 1 , 1 , 0 , 2 , 2 , 2 , 1 , 3 , 2 , 2 , 3 , 2 , 3 , 3 , 3 , 2 , 3 , 2 , 2 , 2 , 2 , 2 , 3 , NA , 3 , 3 , 3 , 3 , 2 , 3 , 2 , 3 , 2 , 3 , 3 , 2 , 3 , 3 , 3 , 2 , 3 , 2 , 0 , 3 , 3 , 2 , 2 , 3 , 3 , 4 , 3 , NA , 4 , 4 , 3 , NA , 2 , 2 , 3 , 3 , 4 , 2 , 3 , 3 , 4 , 3 , 3
A_0047 , A , 30.77 , 2 , 3 , 2 , 2 , 2 , 3 , 2 , 0 , 3 , NA , 2 , 1 , 2 , 2 , 1 , 2 , NA , 2 , 2 , 2 , 2 , 1 , 1 , 4 , NA , 2 , 3 , 3 , 3 , 2 , 2 , 2 , NA , 1 , 2 , 2 , 3 , 3 , 3 , 3 , 1 , 3 , 2 , 2 , 2 , 3 , 2 , 4 , 3 , NA , 3 , 2 , 3 , NA , NA , 3 , 4 , 2 , 3 , 4 , 1 , 4 , 2 , 2 , 1 , 2 , 2 , 2 , 2 , 2 , 2 , 1 , NA , 2 , NA , 3 , 2 , 3 , 2 , 2 , 1 , 2 , 2 , 2 , 1 , 2 , 2 , 3 , 2 , 4 , 3 , 1 , NA , 4 , 2 , NA , 3 , 3 , 3 , NA , 2 , 3 , 4 , 1 , 2 , 2 , 2 , 2 , 3 , NA , 3 , 2 , 3 , 3 , 3 , NA , 2 , 3 , 2 , NA , 2 , 2 , 2
A_0048 , A , 31.03 , 1 , 2 , 2 , 0 , 1 , 1 , 1 , 0 , 1 , 1 , 1 , 1 , 2 , 1 , 0 , 2 , 2 , 0 , 2 , 1 , 1 , 0 , 0 , 2 , 1 , 1 , 1 , 1 , 1 , 2 , 1 , 0 , 0 , 2 , 1 , 1 , 0 , 2 , 0 , 2 , 2 , 3 , 1 , 0 , 1 , 2 , 3 , 2 , 3 , 1 , 2 , 2 , 3 , 1 , 1 , 3 , 2 , 2 , 1 , 1 , 1 , 2 , 1 , 2 , 1 , NA , 2 , 1 , NA , NA , 2 , 2 , 2 , 1 , NA , 2 , NA , 2 , 1 , 2 , 1 , 2 , 2 , 2 , 1 , 2 , NA , NA , 1 , NA , NA , 0 , 1 , 2 , 2 , 2 , 4 , NA , 2 , 3 , 1 , 2 , 3 , 2 , 2 , 2 , 0 , 2 , NA , 2 , 4 , 3 , 2 , 2 , 1 , 3 , 2 , 2 , 2 , NA , 2 , 3 , 2
A_0049 , A , 31.3 , 0 , 1 , NA , 0 , 0 , 0 , NA , 0 , 0 , 0 , 0 , 0 , 0 , 0 , 0 , 0 , 0 , 0 , 0 , 0 , 0 , 0 , 0 , 0 , 0 , 0 , 0 , 0 , 0 , 0 , 0 , 4 , 0 , 1 , NA , 1 , 0 , NA , 0 , 0 , 1 , NA , 1 , 0 , 1 , 0 , 1 , NA , 1 , 0 , 0 , 1 , 1 , 0 , 0 , 1 , 0 , 1 , 0 , 0 , 1 , 0 , 0 , 2 , NA , 2 , 2 , 2 , 2 , 2 , 2 , NA , 2 , 2 , 2 , 2 , 2 , 2 , 2 , 2 , 2 , 2 , 2 , 2 , 2 , 2 , 2 , 2 , 2 , 2 , 2 , 2 , 2 , 2 , 3 , 2 , 3 , 2 , 2 , 3 , 2 , 2 , 2 , 3 , 3 , 3 , 2 , 3 , 3 , 3 , 3 , 3 , 2 , 2 , 2 , 3 , NA , 2 , 3 , NA , 3 , 3 , 3
A_0050 , A , 32.55 , NA , 2 , 1 , 4 , 4 , 4 , 4 , 4 , 4 , 4 , 4 , 4 , 4 , NA , 4 , NA , 4 , 4 , 4 , NA , 4 , 4 , 4 , 4 , NA , 4 , 4 , 4 , 4 , NA , 4 , 4 , 4 , 3 , NA , 3 , 3 , NA , 3 , 2 , NA , 3 , 4 , 3 , 3 , 3 , 3 , 2 , NA , NA , 3 , 3 , 3 , 2 , 3 , 3 , NA , 3 , 2 , 3 , 4 , 3 , NA , 3 , 3 , 2 , 3 , 2 , 3 , 2 , 3 , 2 , 2 , 2 , 2 , 2 , 3 , NA , 2 , 3 , 3 , 2 , 3 , 2 , 3 , 3 , 2 , 2 , 2 , NA , 2 , NA , 3 , 1 , 2 , 0 , 1 , 0 , 0 , 2 , NA , 0 , 0 , 2 , 2 , 4 , 2 , NA , 2 , 3 , 1 , 2 , 1 , 2 , 2 , 2 , 3 , 0 , NA , 1 , 2 , 1 , 1
A_0051 , A , 32.94 , NA , 2 , NA , 3 , 3 , 4 , NA , 2 , 4 , 3 , 4 , 2 , NA , NA , 3 , 3 , 4 , 3 , 4 , 4 , 3 , 3 , 2 , 4 , 4 , NA , 3 , 3 , 3 , 3 , 3 , 4 , 4 , 3 , 2 , 3 , 3 , 2 , 3 , 3 , 2 , NA , 1 , 2 , 2 , 3 , 2 , 4 , 3 , 2 , NA , 2 , 3 , 3 , 2 , 3 , 4 , NA , 4 , 3 , 1 , 3 , 2 , 4 , 3 , 3 , 4 , 4 , 4 , 4 , 3 , 3 , 4 , 3 , 3 , 3 , 3 , 3 , 4 , 3 , 3 , 4 , 4 , 4 , 3 , 3 , 3 , 4 , NA , NA , 4 , 4 , 4 , 3 , 3 , 4 , 3 , 4 , NA , 3 , 3 , 4 , 4 , 3 , 3 , 2 , 3 , 3 , 2 , 2 , 3 , NA , 4 , 3 , 3 , 3 , 2 , 4 , 3 , 3 , NA , 3 , NA
A_0052 , A , 34.83 , NA , 2 , NA , 2 , 3 , 1 , 2 , 4 , 1 , 2 , 2 , 3 , 2 , 2 , 3 , 2 , 0 , NA , 2 , 2 , 2 , 3 , 3 , NA , 2 , 2 , 1 , 1 , 1 , 2 , 2 , 2 , 2 , 2 , 3 , 2 , NA , 0 , 2 , 2 , 3 , 2 , 1 , 2 , 2 , 2 , 2 , 2 , 1 , 3 , 2 , 2 , 1 , 3 , 1 , 1 , 2 , 2 , 3 , 1 , 2 , 1 , 3 , 2 , 3 , 2 , 2 , 2 , 2 , 2 , 2 , 1 , 0 , NA , 1 , 0 , 2 , 1 , 1 , 2 , 3 , 2 , 2 , 2 , 3 , 2 , 2 , 1 , NA , 0 , 1 , 3 , 2 , 1 , 2 , 3 , 1 , 3 , 3 , 2 , NA , 3 , 2 , 3 , 2 , 1 , 3 , 2 , 0 , 1 , 1 , 2 , 3 , 2 , 2 , 2 , 1 , 3 , 2 , 1 , 1 , 2 , 2
A_0053 , A , 35.53 , 2 , 1 , NA , 2 , NA , 1 , 2 , NA , 1 , 2 , 2 , 3 , 2 , NA , 3 , 2 , 0 , 2 , 2 , 2 , 2 , 3 , 3 , NA , 2 , 3 , 0 , 1 , 1 , 2 , 2 , 2 , 2 , 1 , NA , 1 , 2 , 0 , 1 , 2 , 3 , 1 , 2 , 1 , NA , 2 , 2 , 1 , 1 , 3 , 2 , 1 , NA , NA , 1 , 1 , 1 , 2 , 1 , 0 , 2 , NA , 3 , 2 , 2 , 1 , NA , 2 , 2 , 2 , 2 , 2 , 1 , 1 , 2 , 1 , NA , 2 , 0 , 2 , 1 , 1 , 2 , 1 , 3 , 1 , 1 , 0 , 1 , 1 , 0 , 1 , 0 , 1 , 0 , 2 , 2 , NA , 1 , 2 , NA , 1 , 2 , 1 , 1 , 0 , 0 , 2 , 1 , 0 , 2 , 1 , 1 , 2 , 1 , 1 , 0 , 2 , 1 , 2 , 1 , 1 , 1
A_0054 , A , 36.19 , 2 , 2 , 1 , 3 , NA , 3 , 1 , 2 , 3 , 2 , 3 , 1 , 2 , 2 , 3 , 1 , 2 , 4 , 2 , 3 , 2 , 3 , 2 , 2 , 3 , NA , 2 , 2 , 2 , 1 , 2 , 3 , 4 , 2 , 2 , 3 , NA , 3 , NA , 1 , 2 , 3 , 2 , 1 , 2 , 2 , 1 , NA , 2 , 2 , 2 , 1 , 2 , 1 , NA , 2 , 2 , 3 , 3 , 2 , 3 , 3 , 2 , 2 , 1 , 1 , NA , 3 , 2 , 2 , 1 , 2 , 2 , 1 , 2 , NA , 1 , 2 , 1 , 1 , 0 , 1 , 2 , NA , 2 , 0 , NA , 1 , 1 , 2 , 1 , NA , 1 , 2 , 1 , 1 , 2 , 0 , 0 , 2 , 1 , 0 , 1 , 1 , 2 , 2 , NA , 2 , 3 , 2 , 2 , 1 , 0 , 2 , 2 , 1 , 2 , 1 , 2 , 2 , 3 , 1 , 2
A_0055 , A , 37.43 , 0 , 2 , 2 , 0 , 0 , 0 , 0 , 0 , 0 , 0 , 0 , NA , 0 , NA , 0 , 0 , 0 , 0 , 0 , NA , 0 , 0 , 0 , 0 , 0 , 0 , 0 , NA , 0 , 0 , 0 , 0 , 0 , 2 , 0 , 2 , NA , 1 , 1 , 1 , 1 , 2 , 1 , 1 , 2 , 2 , 1 , 1 , NA , 0 , 0 , 2 , 1 , NA , 1 , 1 , 1 , 1 , 1 , 1 , 1 , 0 , 0 , 0 , 1 , NA , 1 , 0 , 0 , NA , NA , 1 , 1 , 2 , 1 , 1 , NA , 1 , 2 , 1 , 1 , 2 , 0 , 2 , 0 , 1 , 2 , 2 , 2 , 1 , 2 , 1 , 1 , 2 , 2 , 2 , NA , 3 , 3 , 0 , 1 , 3 , 2 , 2 , 2 , 2 , 2 , 2 , 2 , 2 , 2 , 2 , 2 , 0 , NA , 2 , 2 , 2 , 3 , 1 , 2 , 3 , 3
A_0056 , A , 37.8 , NA , 4 , 1 , 4 , 4 , 4 , 4 , 4 , 4 , 4 , 4 , 4 , 4 , 4 , 4 , 4 , 4 , 4 , 4 , 4 , 4 , 4 , 4 , 4 , 4 , 4 , 4 , NA , 4 , NA , 4 , 4 , 4 , NA , 4 , 4 , 4 , 4 , NA , 4 , 4 , NA , 4 , 4 , 4 , 4 , NA , 4 , 4 , 4 , 4 , NA , 4 , 4 , NA , 4 , 4 , 0 , 4 , 4 , 4 , 4 , 4 , 2 , 2 , 3 , 2 , 2 , NA , 3 , 2 , 2 , 2 , 3 , 2 , 2 , 2 , 2 , 3 , 2 , 3 , 3 , 2 , 3 , NA , 2 , 3 , 3 , 3 , 2 , 3 , 3 , 3 , 2 , 2 , 3 , 2 , 3 , 3 , 2 , NA , 3 , 2 , 3 , 2 , 2 , 3 , 3 , 2 , 2 , 2 , 2 , 2 , 2 , 2 , 2 , 2 , NA , 3 , NA , 3 , NA , 3
A_0057 , A , 39.04 , 2 , 2 , 3 , 2 , 1 , 3 , 2 , 0 , 3 , 2 , 2 , 1 , 2 , 3 , 1 , 2 , 4 , 2 , 2 , NA , 2 , 1 , NA , 2 , 2 , NA , 4 , 3 , 3 , 2 , 2 , NA , 2 , 2 , 1 , 2 , 2 , 3 , 1 , 3 , 2 , 2 , 3 , 1 , 2 , 1 , 4 , 3 , NA , 1 , 2 , 2 , 4 , 2 , NA , 4 , 4 , NA , 1 , 2 , 1 , 2 , 1 , 2 , NA , 3 , 3 , 2 , 2 , 2 , 2 , 2 , 3 , 3 , 2 , 3 , NA , 2 , 4 , 2 , 3 , 3 , 2 , 3 , 2 , 3 , 3 , NA , 3 , 3 , 4 , 3 , 4 , 1 , 4 , 2 , 3 , 3 , 3 , NA , 3 , 3 , 2 , 4 , NA , 3 , 2 , 3 , 2 , 3 , 3 , 4 , 4 , 2 , 1 , 4 , NA , 1 , 2 , 2 , 2 , 4 , 2
A_0058 , A , 39.28 , 0 , 1 , 1 , 0 , 0 , 0 , 0 , 0 , 0 , 0 , 0 , NA , 0 , 0 , 0 , 0 , 0 , 0 , NA , 0 , 0 , 0 , NA , NA , 0 , 0 , NA , 0 , 0 , 0 , 0 , 0 , NA , 0 , 1 , 0 , 0 , 1 , 1 , 0 , 0 , 0 , NA , 1 , 0 , 1 , 0 , 0 , NA , 1 , NA , 0 , 0 , 0 , 1 , 0 , 0 , 0 , 1 , 1 , 1 , 1 , 1 , 0 , 0 , 1 , NA , 0 , 0 , 1 , 0 , 0 , NA , NA , 0 , 0 , 0 , 0 , 1 , 0 , NA , 1 , 0 , NA , 0 , 0 , 1 , 1 , NA , 0 , 1 , 1 , 1 , NA , 0 , 1 , 0 , 1 , 1 , 1 , 2 , 1 , 0 , 1 , 0 , 1 , 2 , 1 , 1 , 1 , 0 , 0 , 0 , 1 , 1 , 0 , 1 , 2 , 1 , 1 , 2 , 1 , 1
A_0059 , A , 41.81 , 3 , 1 , 3 , 2 , 4 , 2 , 3 , 4 , 2 , 3 , 3 , 4 , 3 , 4 , 3 , 4 , 2 , NA , 4 , 3 , 3 , 3 , 1 , 2 , 3 , 3 , 2 , 2 , 2 , 4 , 3 , 2 , 2 , 2 , 3 , 1 , 2 , 2 , 2 , 2 , NA , 1 , 1 , 3 , 1 , 3 , 2 , 1 , 1 , 3 , 3 , 2 , 1 , 1 , 3 , 1 , 1 , 1 , 2 , 2 , 3 , 2 , 3 , 3 , 3 , 3 , 4 , 2 , 2 , 3 , 3 , 2 , 2 , 2 , 2 , 2 , 3 , NA , 3 , 4 , 4 , 4 , 3 , 4 , 3 , 4 , 3 , NA , 3 , 2 , 3 , 3 , 3 , 2 , 2 , 1 , 1 , 2 , 2 , 2 , 3 , 2 , 1 , 2 , 1 , 3 , 3 , 1 , 2 , 3 , NA , 2 , 2 , 2 , 2 , 2 , 3 , 2 , 1 , 2 , NA , 2 , 1
A_0060 , A , 41.94 , NA , NA , 0 , 0 , NA , 0 , 0 , 0 , 0 , 0 , 0 , 0 , NA , 0 , 0 , 0 , 0 , 0 , 0 , NA , 0 , 0 , 0 , 0 , 0 , NA , 0 , 0 , 0 , 0 , 0 , 0 , 0 , NA , 1 , NA , 1 , NA , 0 , 1 , 1 , 0 , 1 , NA , 0 , 0 , 1 , 1 , 1 , 1 , 1 , 0 , 1 , 1 , 0 , 1 , 1 , 1 , 0 , 0 , NA , 1 , NA , 1 , 1 , 1 , 1 , 1 , 1 , 2 , 1 , 1 , 2 , 2 , 2 , 2 , 1 , 2 , 2 , 1 , 1 , 2 , 1 , 2 , 1 , 1 , 2 , 2 , NA , NA , 2 , 1 , 1 , 2 , NA , 3 , 3 , 3 , 3 , 2 , 2 , 2 , 3 , 2 , 2 , 1 , 1 , 3 , 2 , 1 , 3 , 2 , 2 , 2 , 1 , 2 , 1 , NA , 2 , 3 , NA , 3 , 2
A_0061 , A , 42.21 , 2 , 2 , 2 , 3 , 0 , 3 , 1 , 2 , 3 , 2 , 3 , 1 , NA , 2 , 3 , 1 , NA , 4 , NA , 3 , NA , 3 , 2 , 3 , 3 , 2 , 2 , 2 , 2 , 1 , 2 , 3 , 4 , 2 , 2 , 3 , 2 , 2 , 2 , 2 , 3 , 3 , 3 , 1 , 2 , 1 , 2 , 2 , 3 , 3 , NA , 1 , NA , 2 , 1 , 3 , 3 , NA , 2 , 1 , 2 , 3 , 2 , 1 , NA , 2 , 2 , NA , 2 , 2 , NA , 2 , 2 , 2 , 2 , 2 , 2 , 2 , 3 , 2 , 1 , NA , 1 , 3 , 1 , NA , 3 , 3 , 3 , 2 , 3 , 3 , 2 , 1 , NA , NA , 3 , 3 , 3 , 1 , 2 , 2 , 2 , 4 , 2 , 2 , 1 , 3 , 2 , 2 , 3 , 3 , 3 , 1 , 0 , 3 , NA , 1 , 1 , 2 , 2 , 4 , 2
A_0062 , A , 43.2 , 1 , NA , 2 , 1 , 0 , 1 , 0 , 2 , 1 , 1 , 2 , 1 , 2 , NA , 2 , 1 , 0 , 2 , 2 , 0 , 1 , 2 , 1 , 1 , NA , 1 , 0 , NA , NA , 1 , 1 , 1 , 2 , 2 , 1 , 2 , 1 , NA , 1 , 1 , 2 , 2 , 1 , 1 , 1 , 1 , 1 , 0 , 1 , 1 , 1 , 1 , 1 , 0 , 1 , 1 , NA , NA , 1 , 0 , 1 , 1 , 1 , NA , 2 , NA , 2 , 3 , 3 , 2 , 2 , 1 , 1 , 1 , 2 , 1 , NA , 1 , 0 , 2 , 1 , 1 , 3 , 1 , 3 , 1 , 0 , 0 , 1 , 1 , 0 , 2 , NA , 1 , 2 , 1 , 2 , 0 , 0 , 2 , 1 , 1 , 2 , NA , NA , 2 , 1 , 2 , 2 , 2 , 2 , 2 , 2 , 2 , 2 , 2 , 2 , 1 , 1 , 1 , 2 , 1 , 2
A_0063 , A , 44.51 , 0 , 1 , 1 , 0 , 0 , 0 , 0 , 0 , 3 , 0 , 0 , 0 , 0 , 0 , NA , 0 , 0 , 0 , 0 , 0 , 0 , 0 , 0 , 0 , 0 , 0 , 0 , 0 , NA , 0 , 0 , 0 , 0 , 0 , 1 , 0 , 1 , 0 , NA , 1 , 1 , 0 , 1 , 0 , 0 , 0 , 1 , 1 , 1 , 1 , 3 , 0 , 1 , 1 , 0 , 1 , NA , 1 , 0 , 0 , 1 , 1 , 1 , 1 , 0 , 0 , 0 , 1 , 1 , 1 , 1 , NA , NA , 1 , 1 , 1 , 0 , 1 , NA , 0 , 0 , 0 , 1 , 0 , NA , 0 , 0 , 0 , 0 , 1 , 0 , 0 , NA , 1 , 1 , 2 , 2 , 1 , 1 , 2 , 1 , 1 , 1 , 2 , NA , NA , NA , NA , 1 , 0 , 2 , 1 , 1 , 2 , 2 , NA , 0 , NA , 1 , 2 , 1 , 1 , 1
A_0064 , A , 44.72 , 2 , 1 , 2 , 2 , NA , 3 , 1 , 2 , 2 , 2 , 3 , 1 , 2 , 2 , 3 , 1 , 2 , 4 , 2 , 3 , 2 , 3 , 2 , 3 , 3 , 2 , 1 , 2 , 2 , 1 , 2 , NA , 4 , 2 , 1 , NA , 1 , 2 , 2 , 1 , 2 , NA , NA , 1 , 2 , 1 , NA , NA , 2 , 2 , 1 , 1 , 2 , 1 , 1 , 2 , 1 , 3 , 1 , NA , 1 , NA , 1 , 3 , 3 , NA , 2 , 4 , 4 , 2 , 2 , 2 , 2 , 2 , 2 , 2 , 2 , 2 , 1 , 2 , 1 , 1 , 4 , 1 , 3 , 1 , 1 , NA , 1 , NA , 1 , 3 , 2 , 1 , 2 , 1 , 2 , 0 , 0 , NA , 2 , 1 , 2 , 2 , 3 , 2 , 1 , 2 , NA , 2 , 2 , NA , 2 , 2 , 2 , 2 , 2 , 1 , 1 , 1 , 2 , 1 , 2
A_0065 , A , 45.71 , 2 , 2 , 2 , 2 , 4 , 1 , 3 , NA , 2 , 2 , 1 , 3 , 2 , 2 , 1 , 3 , 2 , 0 , 2 , 1 , 2 , 2 , 2 , NA , 2 , 2 , 3 , 2 , 2 , 3 , 2 , 0 , 0 , NA , 1 , 2 , 2 , NA , 1 , 3 , 2 , 2 , 2 , 1 , 3 , 2 , 3 , 2 , 2 , 0 , 1 , 4 , 2 , 2 , 3 , 2 , 3 , 1 , 2 , 2 , 1 , 0 , NA , 2 , 2 , 2 , 3 , 1 , 1 , 1 , 3 , 2 , 2 , 1 , 2 , 2 , 3 , 2 , 2 , 3 , 3 , 2 , 1 , 2 , 2 , 4 , NA , 2 , 2 , 2 , NA , 1 , NA , 2 , 3 , 1 , NA , 2 , 2 , NA , 2 , 3 , 3 , 3 , 3 , 2 , 2 , 1 , 2 , NA , 2 , 3 , 3 , NA , 2 , 3 , 3 , 2 , 2 , 1 , 1 , 2 , 2
A_0066 , A , 47.05 , 2 , NA , 1 , NA , 4 , 1 , 3 , 3 , 2 , 2 , 1 , 3 , 2 , 2 , 1 , 3 , NA , 0 , 2 , 1 , 2 , 2 , 2 , 1 , 2 , 2 , 3 , 2 , 2 , 3 , NA , 0 , NA , 3 , 1 , 0 , 2 , 2 , 2 , 3 , 2 , 2 , 2 , 1 , 3 , 3 , 3 , 2 , 2 , 0 , 2 , 4 , 3 , 2 , NA , 2 , 3 , 1 , 2 , 2 , 1 , 0 , 1 , NA , 1 , 2 , 2 , 1 , 1 , 1 , 3 , 1 , 1 , 1 , 1 , 1 , 2 , 1 , 1 , 2 , 3 , 1 , 1 , 1 , 2 , 3 , 1 , 1 , 1 , 1 , 1 , 1 , 2 , 1 , 2 , 1 , 1 , 1 , 1 , NA , 2 , 2 , NA , NA , 3 , 1 , 2 , NA , 1 , 2 , 1 , 2 , 2 , NA , 2 , 2 , 2 , 1 , NA , 0 , 1 , 1 , 2
A_0067 , A , 47.12 , 1 , 1 , 3 , NA , 0 , 1 , 0 , 1 , 1 , NA , 2 , 1 , 2 , 1 , 2 , 1 , 0 , 2 , 2 , 2 , 1 , 1 , NA , 1 , 2 , 1 , 0 , 0 , 0 , 1 , 1 , 2 , 2 , 2 , 1 , NA , 2 , 0 , 1 , 0 , 1 , 2 , 0 , 1 , 1 , 2 , NA , 1 , 0 , 1 , 1 , 1 , NA , 1 , 0 , 1 , 0 , 1 , 1 , 1 , 1 , 1 , 1 , 3 , 2 , 2 , 2 , 3 , 1 , 3 , 2 , 1 , 1 , 2 , 2 , 1 , 1 , 2 , 1 , 2 , 2 , 2 , NA , 2 , 3 , 1 , 1 , 1 , 2 , 1 , 1 , NA , 2 , 2 , 1 , 3 , 1 , 2 , 2 , 2 , NA , 2 , 2 , 2 , NA , 1 , NA , 2 , 1 , 2 , 1 , 1 , NA , 2 , 3 , 1 , 2 , 2 , 2 , 1 , 2 , 1 , 3
A_0068 , A , 47.84 , 2 , 2 , 3 , 2 , NA , 3 , NA , 1 , 2 , NA , 2 , 1 , 2 , 3 , NA , 2 , 4 , 2 , 2 , 2 , 2 , 2 , 2 , 3 , 2 , 1 , 3 , 3 , 3 , 2 , 3 , NA , 2 , 2 , 1 , 2 , NA , 4 , 1 , 2 , 1 , 2 , 2 , NA , 2 , 2 , 2 , 2 , 3 , 2 , 3 , 2 , 3 , 1 , 3 , NA , 2 , 2 , 3 , 3 , 1 , NA , 1 , 2 , NA , 2 , NA , 2 , 2 , 3 , NA , 3 , 4 , 3 , 2 , 4 , 2 , 2 , 4 , 1 , 2 , NA , 2 , 3 , 2 , 3 , 3 , 4 , 2 , 4 , 4 , 2 , 2 , 3 , 2 , 2 , 3 , 2 , 2 , NA , 2 , 1 , 3 , 2 , 2 , 2 , NA , 3 , 4 , 3 , 3 , 2 , 2 , 2 , 1 , 2 , 3 , 3 , 3 , 3 , 4 , 3 , 3
A_0069 , A , 51.89 , 2 , 1 , 1 , NA , 2 , 2 , 3 , 1 , 2 , 2 , 1 , 1 , 0 , 2 , NA , NA , 2 , 2 , 1 , 1 , 1 , 2 , 1 , 2 , 0 , 3 , 2 , 3 , 3 , 1 , 1 , 2 , 2 , 0 , NA , 1 , NA , 2 , 3 , 2 , 2 , 1 , 3 , 2 , 2 , 0 , 2 , 2 , 2 , 2 , 0 , 1 , 2 , 3 , 1 , 1 , 2 , 2 , 1 , 1 , 2 , NA , 2 , 0 , 2 , 2 , NA , 1 , 1 , 0 , 1 , 3 , 2 , 2 , 2 , 2 , 3 , 2 , 2 , 2 , 1 , 1 , 1 , 1 , 0 , 2 , 2 , 2 , 2 , 2 , 2 , 1 , 2 , 2 , 1 , 1 , 2 , 2 , 2 , 1 , 1 , 3 , 1 , 1 , 0 , 2 , 0 , 1 , 1 , 0 , 2 , 2 , 2 , 1 , 1 , NA , 1 , 1 , 1 , NA , 0 , 2 , 0
A_0070 , A , 52.12 , 4 , 3 , 2 , 4 , NA , 4 , 4 , 4 , 4 , 4 , 4 , 4 , 4 , 4 , 4 , 4 , 4 , 4 , NA , 4 , 4 , 4 , 4 , 4 , 4 , NA , 4 , 4 , 4 , 4 , NA , 4 , NA , NA , NA , NA , 3 , 4 , 3 , 4 , NA , 3 , 4 , NA , 3 , 3 , 4 , 3 , 4 , 4 , 4 , 3 , 4 , 3 , 4 , 4 , 4 , 4 , 3 , 3 , 4 , 4 , 4 , 3 , 2 , 3 , 2 , 3 , 3 , 4 , 3 , 3 , 3 , 4 , 3 , 3 , 2 , 3 , 3 , 2 , 3 , 3 , 3 , 3 , 3 , 2 , 3 , 3 , 3 , NA , 3 , 3 , 3 , 2 , NA , 3 , 3 , 2 , 2 , 3 , 3 , 1 , 2 , 2 , 2 , 2 , 2 , 4 , 2 , 3 , 3 , 2 , 2 , 3 , 2 , 2 , 2 , 2 , 2 , NA , 4 , 3 , 3
A_0071 , A , 53.11 , 2 , 2 , 3 , NA , 2 , 2 , 1 , 3 , 2 , 2 , 3 , 3 , 4 , 2 , 2 , 3 , 2 , 2 , 3 , 3 , NA , 2 , 3 , 2 , 4 , 1 , NA , 1 , 1 , 3 , 3 , NA , 2 , NA , 2 , 2 , NA , 2 , 0 , 2 , 2 , 2 , 1 , 2 , 1 , 3 , NA , 1 , 2 , NA , 4 , 2 , 3 , 0 , 3 , 3 , 2 , 2 , 2 , 2 , NA , 2 , 2 , NA , 2 , 1 , 3 , 2 , 2 , 4 , 2 , 2 , 3 , 2 , 3 , 3 , 1 , 3 , 3 , 2 , 2 , 4 , 2 , 4 , 3 , 2 , 3 , 3 , 3 , NA , 3 , 2 , NA , NA , 2 , 2 , 3 , 2 , 2 , 2 , 2 , NA , 3 , 2 , 2 , 2 , 2 , 3 , 3 , 3 , 3 , 2 , 2 , 2 , 1 , 2 , 3 , 3 , NA , 3 , NA , 3 , 3
A_0072 , A , 53.75 , 2 , NA , 1 , NA , 1 , NA , 2 , NA , 2 , 2 , 2 , 2 , 2 , 4 , 2 , 3 , 3 , 2 , 2 , 2 , 3 , 2 , 3 , 3 , 2 , 1 , 3 , 3 , 3 , 2 , 3 , 2 , NA , 3 , 1 , 3 , 3 , 3 , 3 , 3 , 2 , 3 , 3 , 1 , 3 , 4 , 3 , 4 , 4 , 2 , 2 , 3 , 3 , 3 , 2 , 3 , NA , 3 , 3 , NA , NA , 2 , 1 , 2 , 3 , 2 , 2 , 2 , 2 , 1 , 2 , NA , 1 , 1 , 0 , 2 , 2 , 0 , 2 , 1 , 2 , 1 , 2 , 1 , 2 , 2 , 1 , 2 , 0 , 2 , 2 , 2 , 2 , 2 , 3 , NA , 2 , 2 , 1 , 2 , 3 , 3 , 2 , 2 , 3 , 2 , 2 , 2 , 2 , 2 , 2 , NA , 3 , 2 , NA , 3 , 2 , 1 , 1 , 1 , 1 , 2 , 2
A_0073 , A , 54.18 , 1 , 2 , 3 , NA , 2 , NA , 2 , 1 , 1 , NA , NA , 1 , 0 , 0 , 0 , 1 , 1 , 0 , NA , NA , 0 , 1 , 0 , 0 , NA , 2 , 1 , 1 , 1 , NA , 0 , 0 , 0 , 1 , NA , 1 , 0 , 1 , 0 , 2 , 2 , 1 , 2 , NA , 2 , 1 , 4 , 0 , 1 , 1 , 2 , 2 , 2 , 1 , 3 , 1 , 2 , 1 , 1 , NA , 2 , 1 , 2 , 1 , 1 , 2 , 1 , 1 , 1 , 2 , 2 , 3 , 2 , 3 , 3 , 2 , 2 , 3 , 2 , 2 , 2 , 2 , 1 , 2 , 1 , 2 , NA , 2 , 3 , 2 , 2 , 1 , 2 , 2 , 2 , 2 , 3 , 2 , 3 , 2 , 2 , 1 , 3 , 2 , 0 , 2 , 2 , 3 , 3 , 3 , 3 , 2 , NA , 2 , 1 , 2 , 3 , 3 , NA , 3 , 4 , 3 , 3
A_0074 , A , 55.24 , 3 , 1 , NA , 3 , 3 , 3 , 4 , 3 , NA , 3 , 2 , 3 , 2 , 0 , 2 , NA , 4 , 2 , 3 , 2 , 3 , 3 , 3 , 3 , 2 , 3 , 4 , 4 , 4 , 3 , 3 , 2 , 2 , 1 , 2 , NA , 2 , 3 , NA , 3 , 2 , 1 , 3 , 2 , 2 , 1 , 3 , 2 , 3 , 1 , 1 , 2 , 2 , 3 , 2 , 2 , 3 , 2 , 2 , 1 , 2 , 2 , 2 , 2 , 4 , 3 , 3 , 2 , 2 , 1 , 3 , 3 , 2 , 2 , 2 , 3 , 4 , NA , 3 , 3 , 3 , 2 , 2 , 2 , NA , 4 , 2 , NA , 2 , 3 , 3 , 2 , NA , 2 , NA , 1 , 2 , 2 , NA , NA , 1 , 3 , 1 , 1 , 1 , 3 , 1 , 1 , NA , 1 , 2 , 3 , 3 , 1 , 2 , 3 , 2 , 1 , 1 , 0 , 1 , 2 , 1
A_0075 , A , 55.37 , 4 , NA , 2 , 4 , 4 , NA , NA , NA , NA , 4 , 4 , 4 , 4 , 4 , 4 , NA , 4 , 4 , 4 , 4 , 4 , NA , 4 , 4 , 4 , 4 , 4 , 4 , 4 , 4 , 4 , 4 , 4 , NA , 2 , 2 , NA , 2 , 2 , 2 , 2 , 2 , 2 , 2 , 2 , 2 , 2 , 2 , 2 , 2 , 2 , 2 , 2 , 2 , NA , 2 , 2 , 2 , 2 , 2 , 2 , 2 , 2 , 3 , 3 , 2 , 3 , 3 , 3 , 3 , 3 , 4 , 3 , 3 , 4 , 4 , 3 , 4 , 3 , 3 , 2 , 3 , 3 , 3 , 3 , 3 , 3 , 3 , 3 , NA , 3 , 2 , 2 , 2 , 1 , 1 , 2 , 1 , 1 , 1 , 0 , 1 , 2 , 1 , 1 , 1 , 0 , 1 , 1 , 0 , 2 , 1 , 1 , 1 , 1 , 1 , 1 , 2 , 2 , 1 , 1 , 1 , 1
A_0076 , A , 55.97 , 1 , 2 , 1 , 1 , 1 , 1 , 0 , 1 , 1 , 1 , 2 , 1 , 2 , 0 , 2 , 0 , 0 , 2 , 1 , 2 , 1 , 1 , 1 , 1 , 2 , 1 , 0 , 0 , NA , 1 , 1 , 2 , 2 , 2 , 2 , 2 , 3 , 2 , 3 , 1 , 2 , 2 , 1 , 2 , 1 , 2 , 1 , 1 , 1 , 2 , 1 , 1 , 0 , 2 , NA , 2 , 1 , 2 , 1 , 2 , 2 , 2 , 2 , NA , 1 , 0 , NA , 1 , 1 , 1 , 0 , 1 , 1 , 0 , 2 , 1 , 1 , 2 , 1 , 2 , 0 , 2 , 1 , NA , 1 , 1 , 0 , 1 , 2 , 1 , 1 , 1 , NA , 3 , 2 , 2 , 2 , 3 , 2 , 1 , NA , 3 , 2 , 1 , NA , 2 , NA , 1 , 1 , 0 , 2 , NA , 2 , 1 , 2 , 2 , 1 , 2 , 2 , 1 , 1 , 2 , 2
A_0077 , A , 57.17 , 2 , 1 , 3 , 2 , 2 , 2 , 1 , 3 , 2 , NA , NA , 3 , NA , NA , 2 , 2 , 2 , 2 , 3 , 3 , 3 , NA , 3 , 2 , 4 , 1 , 2 , 1 , 1 , 3 , 3 , 2 , 2 , 3 , 1 , NA , 3 , 2 , 2 , 1 , 1 , 2 , 0 , NA , 1 , 3 , 1 , 2 , 1 , 1 , 2 , 2 , NA , 1 , 1 , 2 , 1 , 1 , 2 , 3 , 1 , 1 , 1 , 3 , 3 , 2 , 4 , 2 , 2 , 3 , 2 , 1 , 2 , 1 , 2 , 2 , NA , 2 , 3 , 3 , 3 , 4 , 2 , 3 , 4 , 3 , 2 , 3 , 3 , 2 , 3 , 3 , 2 , NA , 3 , 2 , NA , 3 , 3 , 1 , 3 , 3 , 2 , 2 , 2 , 2 , 3 , 1 , 2 , 2 , 1 , 2 , 2 , 2 , NA , 2 , NA , 2 , 2 , 2 , 2 , NA , NA
A_0078 , A , 61.68 , 2 , 0 , 3 , 2 , NA , 2 , 3 , 1 , 2 , 2 , 1 , 1 , NA , 2 , 2 , 2 , 2 , 3 , NA , 1 , 1 , 2 , 1 , 2 , 1 , 3 , 2 , 3 , NA , 1 , 1 , 2 , 2 , 0 , 1 , 1 , 1 , 1 , 1 , 1 , 1 , 1 , 2 , 1 , 2 , NA , 1 , 1 , 1 , 1 , 0 , 1 , 1 , 2 , 1 , 0 , 1 , NA , 1 , 0 , 1 , 1 , 1 , NA , 2 , 3 , 1 , 2 , 2 , 2 , NA , 4 , NA , NA , 3 , 2 , NA , 3 , 3 , 2 , 2 , 2 , 2 , 3 , 1 , 2 , 3 , 3 , 1 , 3 , 3 , NA , 3 , 2 , 1 , 2 , NA , 2 , NA , 2 , 1 , 1 , 2 , 1 , 1 , 1 , 1 , 1 , 1 , 1 , 2 , 2 , 1 , 1 , 1 , NA , 1 , 2 , 2 , 2 , 2 , 2 , 2
A_0079 , A , 64.06 , 3 , 1 , NA , 2 , 3 , 3 , 3 , 3 , 3 , 3 , 3 , 2 , 2 , 2 , 4 , 2 , 2 , 4 , 2 , 3 , 2 , 3 , 2 , 3 , 2 , 4 , 2 , 3 , 4 , 2 , 2 , 4 , 4 , 1 , 3 , 2 , 1 , 1 , 2 , 1 , NA , 1 , 3 , 3 , 2 , 1 , 1 , 2 , NA , 3 , 2 , 1 , 2 , 2 , 2 , 1 , NA , NA , 2 , 2 , 3 , 3 , 3 , 2 , 2 , 3 , 1 , 3 , 3 , NA , 2 , 3 , 3 , 3 , 3 , 2 , 2 , 3 , 2 , 2 , 2 , 2 , 3 , 2 , 2 , 2 , 3 , NA , 2 , 2 , 3 , NA , 3 , 0 , NA , 2 , 1 , 1 , 2 , 2 , 1 , 0 , 1 , 2 , 1 , 1 , 2 , 1 , 1 , 2 , 1 , NA , 1 , 2 , 1 , 0 , 1 , NA , 2 , 2 , 2 , 1 , 1
A_0080 , A , 66.11 , 0 , 2 , 0 , 0 , 0 , 0 , 0 , 0 , 0 , 0 , 0 , 0 , 0 , 0 , 0 , 0 , 0 , 0 , 0 , 0 , 0 , 0 , 0 , NA , 0 , 0 , 0 , 0 , 0 , 0 , 0 , 0 , 0 , NA , 1 , 1 , 0 , NA , 1 , NA , 0 , 1 , 1 , 1 , 1 , 1 , 0 , 2 , 1 , 1 , 1 , 1 , 1 , 1 , 1 , 0 , 0 , NA , 2 , 2 , 1 , 1 , 1 , 2 , 2 , 2 , 2 , NA , 2 , 2 , 2 , 2 , 2 , NA , 2 , 2 , 2 , 2 , 2 , NA , 2 , 2 , 2 , 2 , 2 , 2 , 2 , 2 , 2 , 2 , 2 , 2 , 2 , 3 , 3 , 3 , 2 , 3 , 3 , 3 , 3 , 3 , 3 , 4 , 3 , 3 , 4 , NA , 3 , 3 , 2 , 2 , NA , 4 , 3 , 2 , 2 , 4 , 4 , 4 , 4 , 2 , NA
A_0081 , A , 66.87 , 2 , 3 , 2 , 3 , 1 , 3 , 2 , 1 , 3 , 2 , 3 , 3 , 2 , 4 , 1 , NA , 3 , 2 , 2 , 2 , 3 , 2 , 3 , NA , 2 , 1 , 3 , 3 , 3 , 2 , 3 , 2 , 2 , NA , 2 , 2 , 2 , NA , 3 , 2 , NA , NA , 2 , NA , 2 , 2 , 2 , 4 , NA , 4 , 2 , 2 , 3 , 3 , 2 , 2 , 2 , 1 , 4 , 3 , 2 , 1 , 2 , 1 , 2 , 2 , 2 , 1 , NA , 2 , 2 , 2 , 0 , 3 , 2 , 3 , 2 , NA , 3 , 2 , 2 , NA , 1 , 4 , 4 , NA , 2 , 4 , 4 , 3 , 3 , 2 , 2 , 3 , 2 , 3 , 2 , 4 , 2 , 3 , 2 , 4 , 2 , 2 , 2 , 3 , 3 , 1 , 2 , 2 , 2 , 2 , 3 , 2 , 2 , 2 , 2 , 3 , 3 , 3 , 4 , 4 , NA
A_0082 , A , 66.87 , 3 , 3 , 3 , 2 , 3 , 3 , 3 , 3 , 3 , 3 , NA , 2 , NA , 2 , NA , 2 , 2 , 3 , 2 , 3 , 2 , 3 , 2 , 3 , 2 , 4 , 2 , 3 , 3 , 2 , 2 , NA , 4 , 3 , 3 , NA , 3 , 4 , 4 , 3 , 4 , 3 , NA , 3 , 4 , 3 , 3 , 2 , 2 , 2 , 2 , 3 , 2 , 3 , 2 , 3 , 3 , 4 , 2 , 2 , 3 , 3 , 3 , 3 , 3 , 3 , 2 , 4 , 4 , 3 , 3 , 3 , 4 , 3 , 2 , 2 , 3 , 3 , 2 , 3 , 3 , 2 , 4 , 2 , 3 , 3 , 3 , NA , NA , 2 , 3 , NA , 4 , 3 , 3 , 4 , 3 , NA , 2 , 2 , 4 , 3 , NA , 3 , 4 , 2 , 3 , NA , 2 , 3 , 3 , 3 , 2 , NA , 4 , 3 , 2 , 2 , 2 , 3 , NA , 3 , 2
A_0083 , A , 67.27 , 3 , 2 , 1 , 4 , NA , 3 , NA , 3 , 3 , 3 , 3 , 4 , NA , 4 , 2 , 4 , 4 , 3 , 3 , NA , 3 , 3 , NA , 3 , 3 , NA , 4 , NA , 4 , 3 , 3 , 2 , 2 , 2 , 2 , 2 , 3 , 2 , 1 , 3 , 2 , 3 , 4 , 2 , 3 , 2 , NA , 3 , 4 , 3 , NA , 3 , 4 , NA , NA , 2 , 3 , 2 , 3 , 2 , 2 , 3 , NA , 2 , 1 , 2 , 1 , 2 , 3 , 2 , 2 , 3 , 2 , 2 , NA , 3 , 2 , 2 , 3 , 1 , 2 , 1 , 2 , 2 , 2 , 2 , 2 , NA , 2 , 3 , 1 , NA , NA , 0 , 1 , 1 , 0 , 0 , 3 , 2 , 1 , 0 , 2 , 2 , 1 , 1 , 1 , 2 , 2 , 2 , 2 , 2 , NA , 2 , 1 , 1 , 2 , 2 , 2 , 2 , 1 , NA , 1
A_0084 , A , 69.61 , 3 , 2 , 2 , 2 , 3 , 3 , 3 , NA , 3 , 3 , 3 , 2 , 2 , 2 , 4 , 2 , 2 , 3 , 2 , 3 , 2 , 3 , 2 , 3 , 2 , 4 , NA , 3 , 3 , 2 , 2 , 4 , 4 , 2 , 2 , 3 , NA , 3 , 3 , NA , 2 , 1 , 4 , 3 , 3 , 2 , 1 , 3 , 2 , 2 , 2 , 2 , NA , 3 , 2 , NA , 1 , 2 , 3 , 3 , 3 , 3 , NA , 2 , NA , 1 , NA , NA , 3 , 2 , 1 , 4 , 3 , 3 , 3 , NA , 3 , 3 , 3 , 3 , NA , 2 , 3 , 2 , 2 , NA , NA , 2 , 2 , 3 , 3 , 2 , 2 , 2 , 2 , 2 , 2 , 2 , 3 , 3 , NA , 2 , 3 , 2 , NA , NA , 2 , 1 , 2 , 1 , 2 , NA , 3 , 3 , 2 , 1 , 2 , 4 , 4 , 3 , 3 , NA , 3
A_0085 , A , 70.33 , 1 , 1 , 3 , 1 , 2 , 0 , 2 , 2 , 0 , 1 , 0 , 1 , 0 , 0 , 1 , 1 , 1 , 1 , 1 , 0 , 0 , 1 , 0 , 0 , 1 , NA , 1 , 1 , 1 , 1 , NA , 0 , 0 , 0 , NA , 0 , 2 , 2 , 1 , 2 , 2 , NA , NA , 2 , 1 , 0 , 2 , 0 , 0 , 1 , 0 , 1 , NA , 2 , 1 , 1 , 2 , 2 , 1 , 0 , 2 , 1 , 2 , 2 , 2 , 2 , 2 , 2 , NA , 1 , NA , 3 , 3 , 2 , NA , 2 , 3 , 3 , 2 , 2 , NA , 1 , 2 , 1 , 2 , NA , 1 , 1 , 1 , 0 , 1 , 1 , NA , 3 , 2 , 2 , 3 , 2 , 2 , 3 , 1 , 3 , 2 , 1 , NA , 3 , 1 , NA , 2 , 1 , 3 , NA , 2 , 2 , 3 , NA , 2 , 2 , 2 , 1 , NA , 2 , 1
A_0086 , A , 72.92 , 2 , 3 , 1 , 1 , 3 , 0 , 2 , 3 , NA , 2 , 1 , 1 , 2 , 1 , 2 , 1 , 1 , 2 , 2 , 2 , 1 , 2 , 1 , 1 , 2 , 3 , 1 , 2 , 1 , 2 , 1 , 2 , 2 , NA , 4 , 3 , 3 , 3 , 3 , NA , NA , 3 , 2 , NA , 1 , 3 , 3 , 1 , NA , 1 , 2 , 3 , 1 , 2 , 2 , 3 , 3 , 3 , 2 , 2 , 3 , 3 , 3 , 2 , 1 , 1 , 1 , 2 , NA , 2 , 1 , 2 , 3 , 1 , 2 , 0 , 1 , 2 , 1 , 1 , 1 , 1 , 2 , 0 , 2 , 1 , 2 , 0 , 0 , 1 , 2 , 1 , 0 , 2 , 2 , 3 , 3 , 2 , NA , 2 , 2 , 2 , 3 , NA , NA , 1 , 1 , 3 , 1 , 1 , 3 , 1 , 1 , 2 , 3 , 2 , 1 , 2 , 2 , 2 , 1 , 2 , 1
A_0087 , A , 73.3 , 1 , NA , 3 , 2 , 1 , 2 , 1 , 1 , 1 , 1 , 1 , 2 , 2 , 1 , 1 , 2 , 2 , 1 , 2 , 1 , 2 , NA , 2 , 1 , NA , 0 , 2 , NA , 1 , 2 , 2 , 0 , 0 , 3 , 1 , 2 , 2 , 1 , NA , NA , 1 , 1 , 2 , 1 , 2 , NA , 2 , 3 , 3 , 2 , 3 , NA , 3 , 1 , 3 , 2 , 2 , 2 , 2 , 3 , 1 , 2 , 1 , 2 , 1 , NA , 2 , 1 , 1 , 3 , 2 , 2 , NA , 2 , 3 , 2 , 1 , 1 , 3 , 1 , NA , 4 , 2 , 2 , 2 , NA , 3 , 3 , 3 , 3 , 2 , 1 , 1 , 2 , 3 , 3 , NA , 3 , 4 , 3 , 3 , 2 , 4 , NA , 3 , 2 , NA , 2 , 3 , 3 , 3 , 2 , 3 , NA , 2 , 2 , 3 , 4 , 4 , 4 , 4 , 3 , 4
A_0088 , A , 73.53 , 3 , 1 , 1 , 3 , 4 , 2 , 3 , 4 , 2 , 3 , 2 , 3 , 4 , 2 , NA , 3 , 3 , 3 , NA , 3 , 3 , 3 , 3 , 2 , 4 , 3 , 3 , 3 , 2 , 4 , 3 , 2 , 2 , 2 , 3 , 1 , NA , 2 , 3 , 3 , NA , 2 , 1 , 3 , 1 , 2 , 3 , 1 , 1 , 2 , 2 , NA , 1 , 2 , 2 , 3 , 3 , 3 , 2 , 2 , 3 , NA , 3 , 3 , 2 , 3 , 3 , NA , 2 , 2 , 3 , NA , 2 , 1 , 2 , 2 , 2 , 3 , 1 , 2 , 3 , NA , 1 , 1 , 3 , 3 , 2 , 1 , 1 , 1 , 1 , 2 , 2 , 2 , 1 , 1 , 1 , 1 , NA , 1 , 1 , 2 , 0 , 1 , NA , 2 , 1 , 2 , 1 , 1 , 1 , 2 , NA , NA , 2 , NA , 1 , 0 , 0 , 0 , 0 , 1 , 0
A_0089 , A , 74.92 , 4 , 3 , 1 , NA , 4 , 4 , 4 , 4 , 4 , 4 , NA , 4 , 4 , 4 , 4 , 4 , 4 , 4 , 4 , 4 , 4 , 4 , 4 , 4 , 4 , 4 , 4 , 4 , 4 , NA , 4 , 4 , NA , 4 , 3 , 4 , 3 , 3 , 3 , NA , 3 , 3 , 4 , 3 , 4 , 4 , 3 , 4 , 4 , 3 , 4 , 4 , 4 , 3 , NA , 3 , 3 , 3 , 3 , 4 , 3 , 4 , 3 , 2 , 2 , 3 , 2 , 2 , NA , 3 , 3 , 2 , 2 , 3 , 2 , 2 , 2 , 2 , 2 , 2 , 3 , 3 , 2 , 3 , 2 , 3 , NA , 3 , 3 , 2 , 2 , 3 , 3 , 1 , 2 , NA , 1 , 2 , 2 , 1 , 3 , 1 , 2 , NA , 2 , 1 , 4 , 1 , 1 , 2 , NA , 1 , 2 , NA , 3 , 1 , 2 , 2 , 2 , 3 , 3 , 2 , 3
A_0090 , A , 75.23 , 0 , 4 , 2 , 0 , NA , 0 , 0 , 0 , 0 , 0 , 0 , 0 , NA , 0 , 0 , 0 , 0 , 0 , 0 , 0 , 0 , 0 , 0 , 0 , 0 , 0 , 0 , 0 , 0 , NA , 0 , 0 , 0 , NA , 2 , 2 , 2 , NA , 2 , 2 , 2 , 2 , 2 , 2 , 2 , 2 , 2 , 2 , 2 , 2 , 2 , 2 , 2 , 2 , 2 , 2 , 2 , 2 , 2 , 2 , 2 , 2 , 2 , 2 , 1 , NA , NA , 2 , 2 , 1 , 1 , 1 , 1 , 0 , 1 , 1 , 1 , 1 , 2 , 1 , 1 , 0 , 1 , 0 , 2 , 1 , 1 , NA , 0 , 1 , 1 , 1 , 1 , 3 , 3 , 3 , 3 , 2 , 3 , 3 , 3 , 3 , 3 , 3 , 3 , 3 , 3 , NA , NA , 3 , 3 , 3 , 3 , 4 , 4 , 3 , 3 , NA , 3 , 3 , 2 , 2 , 2
A_0091 , A , 75.24 , 1 , 0 , 2 , 2 , 1 , 2 , 1 , 1 , 1 , 1 , NA , 2 , 2 , 1 , 1 , 2 , 2 , 1 , 2 , 2 , 2 , 1 , 2 , 0 , 2 , 1 , 2 , 1 , 1 , NA , 2 , 0 , 0 , 1 , 0 , 0 , NA , 0 , 1 , 1 , 0 , 0 , 0 , 0 , 0 , 1 , NA , 1 , 1 , 1 , 1 , 1 , 1 , 0 , NA , 1 , 1 , 1 , 1 , NA , 0 , 0 , NA , 2 , 0 , 2 , NA , 1 , 1 , NA , 2 , 1 , 1 , 1 , 2 , 1 , NA , 0 , 2 , 0 , 2 , 2 , NA , 1 , 2 , 2 , 3 , 2 , 2 , 2 , 1 , 1 , NA , 0 , 0 , 2 , 1 , 1 , 1 , NA , 1 , 0 , 1 , 1 , 1 , 0 , 1 , 0 , 0 , 0 , 1 , 0 , NA , 1 , 1 , 0 , 0 , 1 , 1 , 2 , 1 , 1 , 1
A_0092 , A , 76.19 , 2 , 1 , 4 , 2 , 2 , 2 , 3 , 2 , 2 , 2 , 2 , 2 , 0 , NA , 2 , 2 , 2 , NA , 1 , 0 , 1 , 2 , 1 , 2 , 1 , 2 , 2 , 3 , 3 , 2 , 1 , 3 , 2 , NA , 1 , NA , 1 , 3 , 1 , 1 , 1 , 1 , 2 , 1 , 3 , 1 , 1 , 2 , 1 , 1 , 0 , 2 , 1 , 2 , 1 , NA , NA , 1 , 2 , 1 , 1 , 2 , 1 , 3 , 3 , 3 , 2 , 3 , 4 , 2 , 3 , 4 , NA , 4 , 2 , 3 , 4 , 4 , 3 , 3 , NA , 2 , 3 , 4 , NA , 3 , 2 , 3 , 3 , NA , 3 , 3 , 4 , 2 , 3 , 3 , NA , 3 , 2 , 2 , 3 , 3 , 3 , 3 , 2 , 2 , 3 , 2 , 2 , 2 , 2 , NA , 3 , 3 , 3 , 2 , 2 , 3 , 3 , 3 , 3 , 2 , 3
A_0093 , A , 76.26 , 1 , 3 , NA , 2 , 2 , 2 , 1 , 1 , 1 , 1 , 1 , 2 , 2 , 1 , 1 , 2 , 2 , 1 , 2 , 2 , 2 , 1 , 2 , 0 , 2 , NA , 2 , 1 , 1 , 2 , 2 , NA , 0 , 2 , NA , NA , 2 , NA , NA , NA , 1 , 1 , NA , 2 , 1 , 2 , 2 , 3 , 2 , 3 , NA , 3 , 2 , 2 , 2 , 2 , 2 , 2 , 3 , 3 , 2 , 1 , 2 , 3 , 1 , 2 , 2 , 2 , 2 , NA , 2 , 1 , 1 , 1 , NA , 2 , 4 , 1 , 3 , 1 , 2 , 1 , 1 , 0 , 3 , 2 , 2 , 1 , 1 , 2 , 1 , 1 , 1 , 2 , 2 , 3 , 2 , 2 , 2 , NA , 2 , 3 , 2 , NA , 2 , 3 , 3 , 3 , 2 , 2 , 2 , NA , 3 , 4 , 4 , 2 , NA , 3 , NA , 3 , 2 , 1 , 2
A_0094 , A , 77.49 , 2 , 2 , 2 , 1 , 2 , 0 , 2 , 3 , 1 , 2 , 1 , 1 , 2 , 2 , 2 , 1 , 1 , 2 , 1 , 2 , 1 , 2 , 1 , 2 , 2 , 2 , NA , 2 , 1 , 2 , 1 , 2 , 2 , NA , 3 , 2 , 2 , 1 , 1 , 2 , 3 , 2 , 3 , 3 , NA , NA , 2 , 1 , 2 , 3 , 3 , 1 , 2 , 2 , 2 , 2 , 2 , 2 , 0 , 0 , 3 , 3 , NA , 2 , 2 , 3 , 2 , 2 , NA , 2 , 3 , 1 , 2 , 2 , 1 , 1 , 2 , 2 , 1 , 2 , 3 , 2 , 1 , 2 , 2 , 3 , NA , 1 , NA , 0 , 1 , NA , 3 , 2 , 2 , 1 , 1 , 1 , 2 , 1 , 3 , 1 , 1 , 3 , 3 , 2 , 2 , NA , 2 , 3 , 1 , 2 , 2 , 2 , 1 , 2 , 3 , 1 , 1 , 2 , 2 , NA , 2
A_0095 , A , 78.22 , 1 , 1 , NA , 1 , 2 , NA , 2 , 2 , NA , 1 , NA , 1 , 0 , 1 , 1 , 1 , NA , 1 , 1 , 0 , 0 , 1 , 0 , 0 , 1 , 1 , 1 , 2 , 1 , 2 , 0 , 1 , 0 , 0 , 1 , 0 , 1 , 1 , 0 , 1 , 1 , 0 , 2 , 2 , NA , 0 , 1 , 1 , 1 , NA , 1 , 1 , 1 , 2 , 2 , 0 , 1 , 1 , 0 , 1 , 2 , 1 , 2 , 1 , 0 , 1 , 0 , 0 , 1 , 0 , 1 , 1 , 1 , 1 , NA , 0 , 1 , 1 , 0 , NA , 1 , 0 , 0 , 1 , 0 , 0 , 0 , 0 , 0 , 0 , 0 , 0 , 1 , 0 , 0 , 0 , 0 , NA , 1 , 1 , 0 , 0 , 0 , NA , 0 , 1 , 1 , 0 , 0 , 1 , 0 , 1 , 1 , 1 , 0 , 0 , 1 , 1 , 1 , 1 , 1 , NA , NA
A_0096 , A , 78.66 , 2 , 4 , 1 , 1 , 0 , 2 , 1 , 1 , 3 , 2 , 3 , NA , 2 , 2 , 2 , NA , 1 , NA , 1 , 2 , 2 , 2 , 2 , 4 , 4 , 2 , 1 , 1 , 2 , 0 , 2 , 3 , 4 , 3 , 3 , 4 , 2 , 3 , 3 , 2 , NA , 4 , 3 , 2 , 3 , 3 , 2 , 3 , 3 , 3 , 3 , NA , NA , 3 , 2 , 3 , 2 , 2 , 3 , 3 , 3 , 3 , 3 , 0 , NA , 1 , 1 , 2 , 1 , 2 , 1 , 1 , 1 , 2 , 1 , 1 , 1 , 1 , 1 , 2 , NA , 2 , 2 , 2 , NA , 2 , 2 , 2 , 2 , 1 , 2 , 3 , 2 , 2 , 2 , 3 , 2 , 3 , 2 , 2 , NA , NA , 2 , 3 , 3 , 2 , 3 , 2 , 2 , NA , NA , NA , 3 , 3 , 2 , 2 , 2 , 2 , 2 , 3 , 3 , 2 , 3
A_0097 , A , 81 , 4 , 2 , 4 , 4 , 4 , 4 , NA , 4 , 4 , NA , 4 , 4 , 4 , 4 , 4 , NA , 4 , NA , 4 , NA , 4 , 4 , 4 , 4 , 4 , 4 , 4 , NA , 4 , 4 , NA , 4 , 4 , NA , 3 , NA , 3 , 3 , 3 , 3 , 3 , 3 , 3 , 4 , 2 , 2 , 3 , 3 , 3 , 4 , 3 , 3 , 3 , 4 , 3 , 3 , 3 , 3 , 3 , 3 , 4 , 2 , 3 , 4 , 4 , 4 , 4 , 4 , 4 , 4 , 4 , 4 , 4 , 4 , 4 , 4 , NA , 4 , 4 , 4 , 4 , 4 , 4 , 4 , 4 , 4 , 4 , 4 , 4 , 4 , 4 , 4 , 4 , 3 , 2 , 3 , 3 , 3 , 3 , 4 , NA , 3 , 2 , NA , 1 , 4 , 3 , 3 , 3 , 3 , 3 , 4 , 3 , 3 , 3 , 3 , 3 , 3 , 3 , 3 , 3 , 3 , 3
A_0098 , A , 81.33 , 2 , 4 , NA , 2 , 2 , 2 , 3 , 2 , 2 , 2 , 2 , 2 , 0 , 2 , 2 , 2 , NA , 3 , 1 , 0 , 1 , 2 , 1 , 2 , 1 , 2 , 2 , 3 , 3 , 2 , 1 , 3 , 2 , 3 , 3 , 3 , 2 , 4 , 3 , 3 , 3 , 3 , 4 , 3 , 3 , 2 , 3 , 3 , 3 , 3 , 3 , 3 , 3 , 4 , 3 , 2 , 3 , 3 , 3 , 2 , 3 , 3 , NA , 2 , 1 , 2 , 0 , 2 , 3 , 2 , 2 , 3 , 2 , 4 , 1 , 1 , 2 , 2 , 2 , 1 , 2 , 1 , 2 , 3 , 2 , 2 , 2 , 2 , 2 , 2 , 2 , 2 , 3 , 2 , 2 , 4 , 3 , 3 , 3 , 3 , 3 , 2 , 3 , 3 , 3 , 2 , 3 , 3 , 2 , 2 , 3 , 2 , 3 , 4 , 2 , 2 , 2 , 3 , 3 , 4 , NA , 2 , 3
A_0099 , A , 83.59 , 2 , 1 , 1 , 2 , 1 , 2 , 1 , 1 , 3 , 2 , 3 , 1 , 2 , 2 , NA , 1 , 1 , 3 , 1 , 2 , 2 , 2 , 2 , 4 , NA , 2 , 1 , 1 , 2 , 0 , 2 , 3 , 3 , NA , 2 , 3 , 2 , 1 , 0 , 1 , 2 , NA , NA , 0 , 2 , 2 , 1 , 1 , 2 , 1 , 2 , 0 , 2 , 1 , 0 , 2 , 1 , NA , 1 , 1 , 1 , NA , 2 , 1 , 2 , NA , 0 , NA , 2 , 3 , 0 , 2 , 2 , 2 , 2 , NA , 1 , 1 , 2 , 1 , 0 , 1 , 3 , 1 , 2 , 2 , 2 , 2 , NA , 2 , 3 , 2 , 1 , 1 , 1 , 1 , 2 , 0 , 2 , NA , 1 , 0 , 2 , 1 , 1 , 0 , 0 , NA , 1 , 1 , 2 , 0 , 0 , 1 , 0 , 1 , 1 , 1 , 1 , 1 , 0 , 1 , 0
A_0100 , A , 83.68 , NA , 1 , 2 , 1 , NA , 0 , 0 , 1 , 1 , 1 , 1 , 0 , 2 , 1 , 1 , 0 , 0 , NA , 1 , 2 , 1 , 1 , 1 , 2 , 1 , 1 , 0 , 0 , 0 , 0 , 1 , 1 , 2 , 1 , 2 , 2 , 2 , 0 , 0 , 1 , 2 , 2 , 1 , NA , 1 , 2 , NA , NA , 1 , 0 , 2 , 0 , NA , 0 , 0 , 2 , 1 , 1 , 0 , 1 , 1 , 2 , 1 , NA , NA , 2 , 1 , 1 , 1 , 1 , 2 , 0 , 1 , 1 , 1 , 1 , 1 , 1 , 1 , 2 , 2 , 2 , 1 , 1 , NA , 2 , 2 , 3 , 1 , 0 , 1 , 3 , 2 , 2 , 2 , 1 , 1 , 1 , 1 , 0 , 3 , 1 , 1 , 3 , 3 , 1 , 1 , 2 , 2 , 2 , 1 , 1 , 1 , 1 , 1 , 2 , 2 , 0 , 0 , 1 , 1 , 2 , 1
A_0101 , A , 85.7 , 4 , 3 , 3 , NA , 4 , 4 , 4 , 4 , 4 , 4 , 4 , 4 , 4 , 4 , 4 , 4 , 4 , 4 , 4 , 4 , 4 , 4 , 4 , 3 , 4 , 4 , 4 , 4 , NA , 4 , NA , 4 , 4 , 4 , 4 , 4 , 4 , 4 , 4 , 3 , 4 , 4 , 3 , 3 , 4 , NA , 4 , 3 , 3 , 3 , NA , 4 , NA , 3 , 3 , 4 , 4 , 4 , 4 , 3 , 3 , 4 , 3 , 3 , NA , NA , 4 , 3 , 3 , NA , 4 , 3 , 3 , 3 , 3 , 4 , 0 , 4 , 3 , 4 , 4 , 4 , 3 , 4 , 3 , 3 , 3 , 4 , 3 , 3 , NA , 4 , 4 , NA , 4 , 3 , 3 , 4 , 2 , 2 , 4 , 4 , 3 , 4 , NA , NA , 3 , 3 , 4 , NA , 3 , 3 , 3 , 2 , 3 , 4 , NA , 2 , 2 , 2 , 3 , 4 , 3
A_0102 , A , 85.97 , 3 , 0 , 1 , 3 , 4 , 4 , NA , 3 , 3 , 2 , 3 , 4 , 2 , NA , NA , 4 , 4 , 3 , 3 , 2 , 3 , 3 , 3 , 2 , NA , 3 , 4 , 4 , 4 , 4 , 3 , 3 , 2 , 2 , 1 , 1 , 1 , 2 , 2 , 2 , 1 , 1 , 2 , 2 , 2 , 1 , 2 , 0 , 2 , 2 , 1 , 2 , 2 , 1 , 2 , 1 , 2 , 3 , 2 , 1 , 1 , 1 , 1 , 2 , 2 , 2 , 2 , 2 , 2 , 2 , 2 , 3 , 2 , 2 , 2 , 3 , 2 , 3 , 2 , 2 , 2 , 2 , 2 , 3 , 2 , 1 , 1 , 1 , 3 , 3 , 2 , 1 , 2 , 1 , 1 , 0 , 1 , 1 , NA , 1 , 0 , 1 , 1 , 0 , 0 , 0 , 1 , NA , 1 , 1 , 1 , 1 , 1 , 0 , 0 , 1 , 1 , NA , NA , 0 , 1 , 1 , 1
A_0103 , A , 86.56 , 2 , 2 , 3 , 2 , 3 , 3 , 1 , 1 , 3 , 1 , 3 , 3 , 2 , NA , 1 , NA , NA , 2 , 2 , 2 , 3 , 2 , 3 , 2 , 2 , 2 , 3 , 2 , 3 , 2 , 3 , 2 , 1 , 3 , 1 , 2 , NA , 1 , 1 , 3 , 1 , 2 , 3 , 2 , 3 , 2 , 2 , 3 , 4 , 3 , 3 , 1 , 4 , NA , 2 , 2 , 2 , 2 , NA , 2 , 1 , NA , NA , 3 , 3 , 2 , 2 , 3 , 3 , 3 , NA , NA , 2 , 2 , 3 , 4 , 2 , 3 , 4 , 2 , 2 , 2 , 3 , 2 , 4 , 2 , 2 , 2 , 4 , 4 , 3 , 2 , 2 , 3 , NA , 1 , 3 , 1 , 3 , 3 , 2 , 2 , NA , 2 , 2 , 3 , 3 , 3 , 2 , NA , NA , 3 , 2 , 2 , 2 , 3 , 4 , NA , 3 , 2 , 2 , 3 , 2
A_0104 , A , 88.05 , 0 , 2 , 0 , 0 , 0 , NA , 0 , 0 , 0 , 0 , 0 , 0 , 0 , 0 , 0 , 0 , 0 , 0 , 0 , 0 , 0 , NA , 0 , 0 , 0 , 0 , 0 , 0 , 0 , 0 , 0 , 0 , 0 , NA , 1 , 2 , 1 , 1 , 1 , 1 , 1 , 1 , 1 , 0 , 2 , 2 , 1 , NA , 1 , 1 , 1 , 1 , NA , 0 , 1 , 1 , 1 , 1 , 1 , 1 , NA , 2 , 1 , 0 , NA , 0 , 0 , 0 , 0 , 0 , 0 , 0 , 0 , 0 , 0 , 0 , 0 , 0 , 0 , 0 , 0 , 0 , 0 , 0 , 0 , 0 , 0 , 0 , 0 , NA , 0 , 0 , 0 , 1 , 2 , 0 , 1 , 1 , 1 , 0 , 2 , 1 , 2 , 2 , 1 , 0 , 1 , 1 , 1 , 1 , 1 , 0 , 1 , 2 , 1 , 1 , 1 , 1 , 1 , 1 , 1 , 1 , 1
A_0105 , A , 88.96 , 1 , 1 , 3 , 1 , 1 , 1 , 0 , 0 , 2 , 1 , 2 , 1 , 1 , 1 , 4 , 0 , 1 , 2 , 0 , 0 , 1 , 1 , 1 , 2 , 0 , 1 , 1 , 1 , 2 , 0 , 1 , 2 , 1 , 2 , 0 , 2 , 1 , 2 , NA , 0 , 0 , 1 , 1 , 0 , 2 , 1 , 0 , 2 , 1 , 2 , 0 , 1 , 1 , NA , 1 , 0 , 0 , 0 , 2 , 1 , 0 , NA , 2 , 2 , 2 , 2 , 2 , 3 , NA , 2 , 2 , 2 , 1 , 3 , 1 , 2 , NA , 2 , 3 , 1 , 2 , 1 , 2 , 2 , 3 , 2 , 2 , NA , 2 , 2 , NA , 3 , 3 , 1 , 2 , 2 , 1 , 2 , 1 , NA , 3 , 2 , 2 , 3 , 2 , NA , 1 , 2 , 2 , NA , 1 , 1 , 2 , 2 , 3 , 1 , 1 , 2 , 4 , 3 , 2 , 1 , 2
A_0106 , A , 90.69 , NA , 2 , 2 , 1 , 0 , 0 , 1 , 1 , 1 , 1 , 0 , 0 , 2 , 2 , 2 , 1 , 0 , 1 , 1 , 2 , 1 , NA , 2 , 2 , 1 , 1 , 0 , 0 , 0 , 0 , 1 , 1 , 2 , NA , 2 , 2 , 2 , 3 , 2 , 0 , NA , 2 , 0 , 1 , 1 , NA , 1 , 0 , 0 , 1 , 1 , 2 , NA , NA , 1 , 2 , 0 , 1 , 2 , 2 , 2 , 2 , 2 , 2 , 2 , 1 , 2 , 2 , 2 , 2 , 1 , 1 , 2 , NA , 2 , 1 , 2 , 1 , 2 , 2 , 1 , 1 , NA , 0 , 2 , 2 , 2 , 2 , 1 , 1 , 2 , NA , 1 , 2 , NA , 2 , 2 , 2 , 0 , 2 , 2 , 3 , 2 , 2 , 2 , 3 , 0 , 3 , NA , 1 , 2 , 2 , 1 , 1 , 4 , 2 , 1 , 2 , 2 , 2 , 1 , 2 , 1
A_0107 , A , 91.93 , 2 , 3 , 2 , 3 , 2 , NA , 2 , 2 , NA , 3 , 3 , 2 , 1 , 2 , NA , 1 , 2 , 3 , 1 , 0 , 2 , 2 , NA , NA , 2 , 2 , 2 , NA , 3 , 3 , 1 , 4 , 2 , 3 , 3 , 3 , 3 , 3 , 2 , NA , 3 , 3 , 3 , 2 , 3 , 2 , 2 , 2 , 2 , 2 , 1 , 3 , NA , 3 , 2 , 2 , NA , 3 , 3 , 1 , NA , 3 , 2 , 2 , 1 , 2 , 1 , 3 , 3 , NA , 2 , 3 , 2 , 4 , 1 , 1 , 1 , 2 , 2 , 1 , 2 , 1 , 2 , 2 , 2 , 2 , 2 , 2 , 2 , 2 , 2 , 2 , 4 , 2 , NA , 3 , 3 , 3 , 2 , 2 , 3 , 3 , 3 , 3 , 3 , 2 , 2 , 3 , NA , 1 , NA , 1 , 2 , 2 , 3 , 2 , 1 , NA , 2 , NA , 2 , 2 , 2
A_0108 , A , 92.62 , 4 , 3 , 1 , NA , 4 , 4 , NA , NA , 4 , 4 , 4 , 4 , 4 , 4 , 4 , 4 , 4 , 4 , 4 , 4 , 4 , 4 , NA , 4 , 4 , 4 , 4 , 4 , 4 , 4 , 4 , 4 , NA , 3 , 4 , 3 , 4 , 3 , 3 , 4 , 4 , 4 , 4 , 3 , 3 , 3 , 4 , 4 , 4 , 3 , 4 , 3 , 4 , 4 , 3 , 4 , 4 , NA , 3 , 3 , 4 , 3 , 3 , 2 , 2 , 3 , 3 , 2 , NA , 2 , 3 , NA , 2 , 3 , 2 , NA , 2 , NA , 2 , 2 , 3 , 3 , 2 , NA , 2 , 2 , 3 , 3 , 2 , 2 , 2 , 3 , 3 , NA , NA , 3 , 2 , 2 , 3 , 2 , 2 , 1 , 1 , 2 , 2 , 2 , 3 , 2 , 1 , 2 , 2 , 2 , 2 , 2 , 1 , 2 , 2 , 1 , 1 , 2 , 2 , 2 , 2
A_0109 , A , 93.75 , 1 , 2 , 2 , 1 , 1 , 1 , 2 , 2 , 0 , 1 , 1 , 1 , 0 , 1 , 1 , 1 , 1 , 1 , NA , 0 , 1 , 1 , 0 , 0 , 1 , 1 , 1 , 2 , 1 , NA , 0 , 2 , 1 , NA , 1 , 1 , 0 , 2 , 3 , NA , 2 , 0 , NA , 3 , 1 , 1 , 1 , 1 , 1 , 2 , 1 , 2 , 1 , 1 , 3 , 0 , 2 , NA , 1 , 2 , 2 , 2 , NA , 1 , 1 , 2 , 1 , 1 , 1 , 1 , 2 , 1 , 2 , 2 , 1 , 1 , 2 , 2 , NA , 2 , 2 , 2 , 1 , NA , 0 , 1 , 1 , 1 , 1 , 1 , 1 , 2 , 2 , 1 , 2 , 2 , 1 , 3 , 3 , 2 , 2 , 1 , 2 , 2 , 2 , 1 , 3 , 0 , NA , 2 , 1 , 2 , NA , 4 , 1 , 1 , 2 , 3 , 3 , 3 , 4 , 1 , 4
A_0110 , A , 95.49 , 1 , 3 , 4 , 0 , 2 , 2 , 1 , 1 , 1 , 0 , 1 , 2 , 1 , 0 , 0 , 2 , 2 , 0 , 2 , 2 , 4 , 1 , 2 , 0 , NA , NA , 2 , 1 , 1 , 2 , 2 , 0 , 0 , 3 , 1 , 2 , 1 , 1 , 2 , 3 , 1 , 1 , 2 , NA , 2 , 3 , 2 , 3 , 3 , 3 , 3 , 2 , 3 , 2 , 3 , 2 , NA , 2 , 2 , 3 , NA , 2 , 2 , 2 , 2 , 3 , 3 , 2 , 2 , 2 , 3 , 3 , 2 , 2 , 3 , 3 , 2 , 2 , 3 , 2 , 3 , 3 , 2 , NA , NA , 3 , 3 , 2 , NA , 3 , 2 , 2 , 2 , 3 , 4 , 3 , 3 , 3 , 4 , 3 , 4 , 3 , 4 , 4 , 4 , 3 , 4 , 3 , 3 , 4 , 3 , 3 , 4 , 4 , 3 , 3 , 4 , 4 , 4 , 4 , 4 , 3 , 4
A_0111 , A , 95.85 , 3 , 1 , 4 , 3 , 4 , 4 , 3 , 3 , 3 , NA , 4 , 4 , 2 , 2 , 2 , 2 , NA , 3 , 3 , 2 , 3 , 3 , 3 , 2 , 3 , 3 , 4 , 4 , 4 , 4 , 3 , 4 , NA , 2 , 2 , 1 , 2 , 2 , 2 , 2 , NA , 2 , 2 , 2 , 2 , 1 , 3 , 2 , 2 , 2 , 1 , 3 , 2 , 3 , 2 , 2 , 2 , 3 , 3 , 1 , 2 , NA , 1 , 4 , 3 , 4 , 3 , 4 , 4 , 3 , 4 , NA , 3 , 4 , 3 , 4 , 3 , 4 , 4 , NA , 4 , 3 , 3 , 3 , 4 , 3 , 3 , 3 , 4 , 4 , 3 , 3 , 4 , 3 , NA , 3 , 3 , 3 , NA , 3 , 2 , 3 , 2 , 2 , 2 , 3 , 2 , 3 , 3 , 2 , 3 , 3 , 2 , 2 , 3 , 3 , 2 , NA , 2 , 2 , 2 , 3 , 2
A_0112 , A , 95.97 , 2 , 2 , 1 , 3 , 1 , 1 , 1 , 1 , 3 , 3 , 2 , 1 , 3 , 3 , 3 , 2 , 1 , 3 , NA , 2 , 2 , 2 , 2 , 4 , 2 , 2 , 1 , 1 , 2 , 0 , 2 , 2 , 3 , NA , 2 , 4 , 3 , 2 , 2 , 1 , 2 , 3 , 2 , 1 , 3 , 3 , NA , 2 , 0 , 2 , 2 , 1 , 2 , 1 , 1 , 2 , 1 , 1 , NA , 2 , 1 , 3 , 3 , 2 , NA , 0 , 1 , 2 , 4 , 3 , 0 , 2 , 2 , 2 , 2 , 1 , 2 , 1 , 2 , 1 , 0 , 1 , 3 , 1 , 2 , 1 , 2 , 2 , 2 , 2 , 3 , 2 , 2 , 1 , 2 , 1 , NA , 1 , 1 , 1 , 2 , 2 , NA , NA , 3 , 1 , 1 , 2 , 1 , 1 , NA , 0 , 1 , 1 , 2 , 1 , 1 , 2 , 2 , 2 , 1 , 1 , 1
A_0113 , A , 96.93 , NA , 4 , 3 , NA , 0 , 0 , 1 , 1 , 1 , 1 , 0 , 0 , NA , 2 , 2 , 2 , 0 , 1 , 1 , 1 , 1 , 1 , 1 , NA , 1 , 1 , 0 , 0 , 0 , 0 , 1 , 0 , 2 , 2 , 3 , 3 , 3 , 3 , 2 , 2 , 3 , NA , 2 , 2 , 2 , 3 , 2 , 2 , 2 , 2 , 3 , 2 , 2 , 2 , 2 , 3 , 2 , 2 , 2 , 3 , 3 , 3 , 3 , 1 , 2 , 1 , 2 , 1 , 1 , 3 , 1 , 2 , 3 , 2 , 3 , 1 , 3 , 1 , 1 , 2 , 1 , NA , 3 , 3 , NA , 2 , 3 , NA , 2 , 2 , NA , 2 , 2 , 1 , 3 , 4 , 4 , 4 , 4 , 4 , 3 , 3 , 3 , 3 , 3 , NA , 4 , 3 , 3 , 3 , 4 , 3 , 4 , 4 , 3 , 3 , 3 , 4 , 4 , 4 , 4 , 3 , 4
A_0114 , A , 97.01 , 2 , 2 , 1 , 2 , 1 , 1 , 2 , 3 , 1 , 2 , 1 , NA , 2 , 3 , 3 , 2 , 1 , 2 , 2 , 3 , 2 , NA , 1 , 2 , 2 , 1 , 1 , 2 , NA , 2 , 1 , 2 , 3 , 1 , 2 , 2 , 1 , 3 , 3 , 2 , 3 , 1 , 2 , 3 , NA , 2 , 1 , 1 , 1 , 2 , 2 , 2 , 1 , 1 , 3 , 1 , 3 , 1 , 1 , 3 , 3 , 3 , 3 , 1 , 2 , 1 , 2 , 1 , 1 , 2 , 1 , 1 , 3 , 1 , 2 , 2 , 3 , 2 , 0 , 3 , 1 , 2 , 2 , 2 , 0 , 2 , 1 , 1 , 1 , 1 , 2 , 1 , 1 , 1 , 2 , 1 , 1 , 2 , 2 , NA , 1 , 1 , 1 , 1 , 0 , 1 , 2 , 0 , 1 , 1 , 1 , NA , 3 , 3 , 1 , 1 , 2 , 3 , 3 , 2 , NA , 1 , 3
A_0115 , A , 97.49 , NA , 2 , 2 , 4 , 2 , 2 , 2 , 3 , 3 , 4 , 3 , 2 , 3 , 4 , 4 , 2 , 2 , 4 , NA , 2 , 3 , 3 , 2 , 4 , 3 , 2 , 2 , 3 , 3 , 2 , 2 , 4 , 4 , 2 , 3 , 3 , 3 , 4 , 2 , 1 , 4 , 3 , NA , 2 , 3 , 2 , 2 , 1 , NA , 2 , 1 , 2 , 1 , 2 , NA , 2 , 2 , 2 , 3 , 2 , NA , 3 , 3 , 3 , 3 , 1 , 2 , 3 , 3 , 4 , 1 , 3 , 4 , 3 , 3 , 3 , 4 , 3 , 2 , 3 , 2 , 2 , 4 , 2 , 2 , 2 , 2 , 2 , NA , 3 , 4 , 2 , 3 , 2 , 2 , 2 , NA , 3 , 1 , 2 , 1 , 3 , NA , 1 , 2 , 2 , 1 , 2 , 2 , 0 , 3 , 2 , 2 , 2 , 3 , 2 , 1 , 2 , NA , 2 , 2 , 2 , 2
A_0116 , A , 97.86 , 1 , NA , 3 , 0 , 2 , 2 , 2 , 1 , 1 , NA , NA , 2 , 1 , 0 , 0 , 2 , 2 , 0 , 2 , NA , 1 , 1 , 2 , 0 , 1 , 2 , 2 , 1 , 1 , 2 , 2 , 1 , 0 , 1 , 1 , 0 , NA , 1 , 1 , 2 , 1 , 1 , 1 , 2 , 0 , 1 , 2 , 2 , NA , 2 , NA , 3 , 2 , 3 , 2 , 2 , NA , 2 , 2 , 2 , 1 , NA , 1 , 1 , 2 , 3 , 3 , 1 , 2 , 1 , 3 , 2 , NA , 1 , 2 , 2 , 1 , 2 , 2 , 2 , 2 , 3 , 1 , 3 , 2 , 3 , NA , 2 , NA , 2 , NA , 2 , 1 , 3 , 2 , 3 , 2 , 3 , 3 , 3 , 2 , 2 , 1 , 2 , 2 , 3 , 3 , NA , 3 , 3 , 2 , 4 , 3 , 2 , 2 , 3 , 3 , 2 , 2 , 2 , 3 , 3 , 3
A_0117 , A , 98.29 , 2 , 2 , 3 , 3 , 1 , NA , 1 , 1 , 3 , 3 , 1 , 1 , 3 , NA , 3 , 2 , 3 , 3 , 1 , 1 , 4 , 2 , NA , NA , 2 , 2 , 1 , 1 , 2 , 0 , 2 , 1 , 3 , 2 , 2 , 3 , 3 , 1 , 2 , NA , 1 , NA , 3 , 1 , 2 , 2 , 1 , 3 , 3 , 2 , 3 , 1 , 3 , 2 , 1 , 2 , NA , 1 , 1 , 2 , 1 , 2 , 3 , 2 , 3 , 1 , 2 , 2 , 1 , 4 , 1 , 3 , 3 , 3 , 3 , 2 , NA , NA , 2 , 3 , 2 , 3 , NA , 3 , 3 , 2 , 3 , 3 , 3 , 3 , 3 , 3 , 3 , 2 , NA , 3 , 3 , 2 , 4 , 2 , 2 , 1 , 2 , 2 , 2 , 2 , 4 , 1 , 2 , NA , 3 , 2 , 3 , 3 , 1 , 2 , 3 , 3 , 3 , 3 , 3 , 2 , 3
A_0118 , A , 98.44 , 2 , NA , 3 , 2 , 3 , 3 , 2 , 1 , 3 , 2 , 3 , 3 , 2 , 1 , NA , 2 , 3 , 2 , 2 , 2 , 2 , 2 , 3 , 2 , 2 , 3 , 3 , 2 , 3 , NA , NA , 2 , 1 , 2 , 1 , 1 , 2 , 1 , 2 , 2 , 1 , 2 , 2 , 2 , 1 , 1 , 0 , 3 , 3 , 3 , NA , 3 , 3 , 4 , 2 , 2 , NA , 2 , 3 , NA , 1 , 0 , 2 , 3 , 2 , 3 , 2 , 3 , 3 , 2 , 3 , 2 , 1 , 2 , NA , 1 , NA , 1 , 4 , 2 , 3 , 2 , 2 , 2 , 4 , 2 , NA , NA , 3 , 3 , 3 , 3 , NA , 2 , 1 , 4 , 2 , 2 , 2 , 4 , 2 , 3 , 2 , 2 , 3 , 4 , 2 , 3 , 2 , 3 , 2 , 3 , 2 , 1 , NA , 2 , 2 , 3 , 2 , 3 , 2 , 2 , 2
A_0119 , A , 99.69 , 3 , 0 , 0 , NA , 3 , 3 , 3 , 2 , 4 , 3 , 3 , 3 , 4 , 3 , 3 , 4 , 3 , 3 , 3 , 3 , 3 , 3 , 4 , 4 , 3 , NA , NA , 2 , 3 , 2 , 4 , 2 , 3 , 2 , NA , 2 , 2 , 1 , 1 , NA , 1 , NA , 1 , 1 , 1 , 2 , 1 , NA , 2 , 2 , 2 , NA , 2 , 2 , 1 , 2 , 1 , 1 , NA , 2 , NA , 1 , 2 , 1 , 2 , 1 , 2 , 1 , 1 , 2 , 1 , 2 , 1 , 1 , 2 , 1 , 1 , 1 , 2 , 2 , 1 , 2 , 2 , 2 , 2 , 2 , 2 , 2 , 2 , 2 , 2 , 2 , NA , 0 , 0 , NA , NA , 0 , 0 , 0 , 0 , 0 , 0 , 0 , 0 , 0 , 0 , 0 , 0 , 0 , 0 , 0 , 0 , 0 , 0 , 0 , 0 , 0 , 0 , 0 , 0 , 0 , 0
A_0120 , A , 99.93 , 2 , 1 , 1 , 1 , 3 , 3 , 3 , 3 , 1 , 1 , 3 , 3 , 1 , 1 , 1 , 2 , 3 , 1 , 3 , 3 , 2 , 1 , 2 , 0 , NA , 2 , 3 , 3 , NA , 4 , 2 , 3 , 1 , 1 , 2 , NA , 1 , 2 , 1 , 2 , 1 , 2 , 1 , 2 , NA , 1 , 3 , 1 , 1 , 1 , 1 , 3 , 1 , 2 , 2 , NA , 2 , 3 , 2 , NA , 2 , 1 , 0 , 2 , 0 , 2 , 1 , 2 , 3 , 1 , 2 , 2 , 2 , 2 , 2 , 1 , 2 , 1 , 2 , 0 , 1 , 1 , 1 , NA , 2 , 1 , 2 , 0 , 2 , 2 , 1 , 0 , 2 , 1 , 0 , 2 , 2 , 1 , 0 , 2 , 1 , 2 , 1 , 0 , 2 , NA , 0 , 2 , 1 , 0 , 2 , 1 , 0 , 0 , 1 , 1 , 0 , 1 , 1 , NA , 0 , 1 , 0
